swift_ref,sender,receiver,amount_egp,amount_usd,beneficiary,ts
,,,38500.64,24410.18,,2024-01-14
,,,41664.14,42970.04,,2026-08-07
,,,44929.13,44495.3,,2023-04-24
,,,43177.78,28812.24,,2026-04-28
,,,28249.27,36024.01,,2023-04-25
,,,24984.71,11224.89,,2026-05-11
,,,48926.5,19926.0,,2023-12-02
,,,1496.54,27366.64,,2024-08-16
,,,34585.53,27419.22,,2025-11-16
,,,8580.96,10317.22,,2026-06-18
,,,33009.25,26342.08,,2026-04-07
,,,10082.79,33373.16,,2025-11-24
,,,2624.45,14440.56,,2023-07-04
,,,22634.83,44991.45,,2024-11-26
,,,11835.05,40444.32,,2024-03-12
,,,21892.0,4543.39,,2023-02-18
,,,48062.84,3509.59,,2025-07-28
,,,25865.88,35864.54,,2025-12-23
,,,45263.61,34248.11,,2025-10-28
,,,42630.23,510.32,,2025-07-02
,,,45978.84,30075.27,,2026-07-16
,,,22911.72,1261.18,,2025-08-10
,,,49904.94,1596.11,,2026-12-15
,,,18432.8,18576.06,,2026-03-04
,,,4620.08,40337.6,,2023-02-10
,,,22479.75,49251.97,,2025-06-18
,,,21736.57,49668.84,,2025-02-24
,,,18678.04,31913.86,,2023-07-17
,,,38506.26,5415.13,,2023-12-05
,,,43879.57,7867.53,,2023-11-19
,,,41043.32,428.84,,2024-11-18
,,,10022.26,13067.92,,2026-12-17
,,,38034.64,45323.51,,2023-10-12
,,,17599.68,29775.32,,2023-11-17
,,,13889.36,18029.25,,2024-02-13
,,,342.51,47930.65,,2023-12-13
,,,33383.8,1297.85,,2026-08-05
,,,36078.07,2575.47,,2023-04-03
,,,49995.82,13409.47,,2025-12-19
,,,33754.18,21203.65,,2023-12-10
,,,30785.64,3617.9,,2025-09-16
,,,33121.29,42126.36,,2023-05-07
,,,6477.56,19099.47,,2023-02-23
,,,38334.29,22434.51,,2024-10-09
,,,28218.18,24717.49,,2026-05-24
,,,1959.53,13458.79,,2023-11-06
,,,39517.96,21216.57,,2024-12-27
,,,7805.03,14044.57,,2025-05-04
,,,17822.98,48853.25,,2024-05-25
,,,21967.2,13335.13,,2023-11-17
,,,44013.09,3976.2,,2023-07-07
,,,44610.41,7532.28,,2024-11-07
,,,4192.2,23114.48,,2026-07-16
,,,18395.86,16574.16,,2024-06-15
,,,10559.81,24717.81,,2024-07-17
,,,47920.76,20657.64,,2024-06-03
,,,25568.51,22702.46,,2026-03-24
,,,13304.35,21849.38,,2023-02-25
,,,35352.17,23204.76,,2023-04-25
,,,48080.67,14160.43,,2023-12-26
,,,38327.11,12707.01,,2026-05-26
,,,35267.53,26296.34,,2023-03-06
,,,10968.96,11542.28,,2025-05-04
,,,10898.51,15916.98,,2025-10-20
,,,37786.87,7541.27,,2023-10-15
,,,41919.85,42975.01,,2025-08-07
,,,21795.6,24927.12,,2024-02-17
,,,15261.88,34766.29,,2024-10-05
,,,20592.25,39985.95,,2026-08-24
,,,31447.56,25926.54,,2024-10-20
,,,9338.57,27883.75,,2023-03-13
,,,4390.89,29361.98,,2023-05-05
,,,27928.62,14971.99,,2024-03-19
,,,7690.48,3638.75,,2025-06-02
,,,25807.48,5250.35,,2025-03-27
,,,12329.26,13057.64,,2026-12-19
,,,11379.64,28777.56,,2025-09-11
,,,31885.18,19614.88,,2024-01-16
,,,5264.08,25535.53,,2026-04-18
,,,26111.93,17965.0,,2023-02-12
,,,18828.22,24239.24,,2023-02-17
,,,24706.42,26788.49,,2026-04-23
,,,16053.49,7368.41,,2024-07-27
,,,1425.28,22371.87,,2024-04-20
,,,6198.84,3013.06,,2023-02-16
,,,9353.89,5012.22,,2023-12-16
,,,9377.91,44066.05,,2026-02-27
,,,38005.51,7105.37,,2026-06-03
,,,13840.82,12479.39,,2025-06-20
,,,478.86,492.72,,2024-06-18
,,,16591.55,18092.31,,2026-04-27
,,,38149.88,2464.84,,2025-04-27
,,,41579.23,3091.11,,2023-10-16
,,,13016.46,21060.43,,2026-01-17
,,,19895.92,33929.83,,2023-08-10
,,,28088.21,40048.09,,2026-12-11
,,,21810.77,1217.96,,2023-02-12
,,,32113.72,37463.9,,2024-12-02
,,,43208.68,5426.5,,2025-06-27
,,,36126.35,29472.21,,2024-06-10
,,,13072.94,27815.61,,2024-10-18
,,,4245.4,42485.28,,2025-05-26
,,,39910.72,40157.09,,2026-12-03
,,,25722.53,12890.93,,2026-10-01
,,,14375.43,24174.82,,2026-03-17
,,,49855.93,21353.12,,2023-03-13
,,,47786.53,32050.36,,2023-03-17
,,,33745.86,25907.62,,2024-12-18
,,,7254.28,32974.1,,2025-04-21
,,,32150.43,27340.77,,2026-03-10
,,,694.69,42372.57,,2024-03-17
,,,13555.92,28338.58,,2023-09-01
,,,6569.35,325.29,,2026-11-18
,,,49491.45,26346.1,,2024-12-12
,,,41040.88,42240.01,,2023-07-12
,,,29532.53,49122.69,,2024-07-25
,,,19696.06,45010.73,,2024-09-20
,,,2352.92,4647.37,,2024-07-08
,,,11520.59,3970.79,,2023-04-20
,,,33826.57,35291.97,,2026-12-10
,,,48902.49,14941.32,,2025-09-23
,,,2356.11,36576.73,,2024-05-21
,,,37547.37,6863.06,,2026-07-02
,,,47250.73,38818.89,,2026-09-21
,,,2957.08,13946.44,,2026-11-20
,,,11034.94,15019.38,,2025-04-13
,,,3454.35,30442.75,,2023-11-10
,,,24240.54,16866.57,,2023-02-14
,,,9268.28,45327.69,,2025-09-06
,,,25436.87,39169.93,,2023-10-05
,,,29459.27,7004.52,,2024-09-16
,,,37285.65,36207.67,,2025-09-07
,,,7288.6,15553.04,,2025-05-14
,,,15153.42,10844.25,,2024-09-02
,,,2111.8,11214.35,,2025-01-04
,,,49758.71,46521.03,,2025-07-06
,,,39674.4,48780.2,,2025-07-14
,,,46025.53,49315.73,,2023-05-24
,,,33150.88,18619.65,,2024-06-26
,,,3980.3,20585.36,,2026-06-06
,,,4443.15,22609.49,,2024-06-20
,,,31444.43,12513.61,,2025-01-05
,,,19310.51,7132.58,,2026-01-22
,,,42616.67,18423.24,,2023-02-09
,,,12773.5,8373.83,,2024-08-18
,,,9385.63,38156.11,,2024-01-06
,,,4376.97,8620.93,,2025-04-04
,,,46405.7,2147.96,,2025-06-07
,,,39394.91,15707.39,,2023-10-08
,,,28532.07,40813.29,,2026-02-17
,,,30811.31,41778.23,,2025-11-17
,,,43326.36,18280.69,,2026-07-25
,,,8689.7,6079.69,,2023-03-17
,,,30019.78,1113.19,,2024-06-06
,,,24515.87,24928.36,,2024-09-04
,,,18046.04,47547.68,,2024-01-05
,,,40968.36,8832.72,,2025-05-26
,,,24041.89,48814.2,,2025-05-16
,,,32992.13,45157.59,,2025-11-01
,,,1757.3,38025.04,,2023-10-22
,,,2581.45,3066.24,,2025-07-24
,,,45014.17,13532.01,,2024-02-01
,,,39964.02,25268.89,,2023-05-06
,,,39518.51,41345.36,,2024-01-11
,,,42248.96,1305.61,,2023-03-12
,,,34326.6,49244.47,,2025-12-19
,,,13461.13,38554.25,,2026-10-06
,,,44239.32,13287.16,,2026-10-16
,,,36028.68,46958.29,,2024-08-28
,,,15181.71,39457.18,,2026-04-08
,,,18910.82,29189.86,,2023-11-22
,,,34487.94,48972.3,,2024-02-19
,,,36071.41,38285.22,,2024-05-13
,,,9154.76,8983.53,,2025-02-03
,,,26596.84,21460.13,,2026-10-06
,,,26697.79,27542.8,,2023-01-14
,,,43373.29,32943.53,,2026-09-13
,,,13494.56,37626.36,,2026-08-06
,,,5915.59,21118.31,,2024-04-03
,,,15095.83,23348.18,,2025-07-10
,,,21210.31,1369.9,,2024-09-09
,,,9066.4,11780.88,,2024-02-03
,,,43922.87,36598.34,,2023-07-18
,,,30451.68,36212.44,,2024-01-06
,,,28362.9,33995.71,,2023-09-10
,,,5215.87,46807.05,,2026-03-17
,,,2500.03,48476.89,,2026-06-14
,,,5588.96,10680.36,,2024-11-05
,,,9060.59,42077.17,,2024-01-11
,,,39285.75,35490.35,,2026-01-02
,,,29362.08,16516.18,,2023-04-07
,,,38238.85,36277.67,,2023-03-09
,,,35867.13,32591.41,,2026-12-25
,,,44219.63,41224.2,,2024-07-18
,,,23244.52,31385.12,,2025-03-23
,,,21647.26,31.58,,2023-03-14
,,,14335.42,4417.14,,2026-05-19
,,,25871.65,29813.62,,2024-05-13
,,,4782.32,41892.11,,2026-01-26
,,,13595.13,39378.25,,2023-10-12
,,,4124.97,11594.66,,2025-11-06
,,,11492.0,22642.33,,2026-08-14
,,,23828.08,17624.1,,2023-05-16
,,,48902.07,1725.61,,2026-08-08
,,,38155.89,47456.93,,2023-09-19
,,,1466.64,42285.9,,2023-11-10
,,,30490.01,10588.31,,2023-09-19
,,,5236.68,31096.54,,2024-07-10
,,,14780.42,34392.07,,2023-03-19
,,,43497.33,41380.79,,2025-02-22
,,,20016.66,2835.75,,2025-01-01
,,,4028.53,22876.85,,2024-01-24
,,,36467.51,13462.39,,2026-05-03
,,,44888.01,3038.02,,2023-02-18
,,,32976.18,5833.85,,2025-03-06
,,,1368.39,21816.96,,2024-03-02
,,,5094.0,25980.45,,2025-09-03
,,,40476.12,45797.39,,2023-07-01
,,,16864.32,21739.78,,2023-10-13
,,,9274.7,8602.66,,2024-01-24
,,,31524.6,23423.54,,2025-08-21
,,,16929.34,36565.56,,2026-03-04
,,,49516.36,7374.44,,2026-07-24
,,,47257.63,46185.41,,2023-05-19
,,,26289.52,40546.05,,2024-04-18
,,,670.43,35782.49,,2025-07-07
,,,37261.85,42098.72,,2024-09-02
,,,15004.76,13359.26,,2023-01-27
,,,23927.42,1530.84,,2023-07-21
,,,27164.2,49803.77,,2026-09-10
,,,3838.92,27850.86,,2024-06-07
,,,15891.42,7158.76,,2025-03-06
,,,44776.71,14398.02,,2023-06-03
,,,15529.5,39634.4,,2025-03-17
,,,35545.73,34836.05,,2023-02-16
,,,20031.86,47808.49,,2023-04-28
,,,16814.0,7096.96,,2023-10-23
,,,12331.21,22332.17,,2025-03-20
,,,8870.84,35657.21,,2023-05-12
,,,45872.81,38044.77,,2026-06-20
,,,3049.95,21206.19,,2025-11-23
,,,37801.75,24920.23,,2024-04-06
,,,1377.69,35759.43,,2025-09-25
,,,7152.68,23207.13,,2023-11-20
,,,20570.09,41674.98,,2025-02-11
,,,14861.94,5048.28,,2023-06-22
,,,14775.72,39458.27,,2026-02-22
,,,43345.27,13947.7,,2026-10-20
,,,45213.78,43238.69,,2023-06-26
,,,38773.72,27824.11,,2024-11-01
,,,23106.34,27836.55,,2023-04-04
,,,40785.46,39221.24,,2023-01-28
,,,20795.99,7798.58,,2024-01-08
,,,29426.68,28435.59,,2025-03-24
,,,7276.58,9486.07,,2023-02-16
,,,26339.97,24106.07,,2026-02-15
,,,37316.02,12542.89,,2023-08-02
,,,40529.89,1440.76,,2026-12-13
,,,32252.74,45907.46,,2024-08-09
,,,26672.67,43650.77,,2026-10-09
,,,43841.62,4794.49,,2023-05-12
,,,28925.18,31134.07,,2024-10-21
,,,48372.25,28847.0,,2025-07-15
,,,10732.01,4077.2,,2026-08-22
,,,5465.62,32579.4,,2025-08-13
,,,37551.78,20754.37,,2023-06-08
,,,39899.62,8427.44,,2024-07-28
,,,28239.94,45387.1,,2023-06-15
,,,8146.21,41825.71,,2024-01-18
,,,24198.82,918.9,,2026-11-17
,,,11458.67,27050.47,,2025-03-15
,,,32075.76,46878.68,,2025-10-25
,,,21244.97,1590.24,,2026-01-28
,,,7303.34,41069.22,,2025-12-16
,,,43372.1,30658.84,,2025-01-13
,,,13586.23,5193.79,,2023-01-26
,,,9918.76,21329.43,,2024-02-06
,,,35139.91,18867.29,,2025-01-19
,,,10176.32,38388.59,,2024-11-06
,,,12661.46,20652.18,,2025-10-09
,,,47666.31,7070.62,,2025-11-05
,,,42369.48,2834.92,,2026-10-22
,,,12103.18,48653.52,,2024-01-23
,,,45919.57,41788.16,,2026-04-20
,,,45409.1,42537.55,,2025-07-06
,,,30477.84,32666.42,,2025-06-14
,,,29479.97,43003.72,,2026-10-13
,,,34249.53,47468.64,,2025-01-07
,,,34203.74,41411.9,,2023-02-16
,,,12800.37,2619.93,,2023-04-23
,,,39989.97,38139.05,,2023-06-02
,,,17658.09,28177.12,,2024-05-18
,,,35012.58,4551.6,,2023-06-06
,,,3240.53,31583.43,,2024-02-10
,,,13556.13,9180.59,,2024-12-07
,,,27490.73,6730.41,,2026-04-08
,,,31764.52,22399.74,,2025-11-03
,,,2031.98,29377.24,,2024-05-22
,,,19072.35,45835.25,,2024-07-18
,,,38557.95,28950.27,,2024-08-03
,,,8639.67,40654.9,,2024-09-15
,,,20315.8,28283.81,,2023-12-07
,,,5122.75,48283.33,,2025-12-05
,,,35273.25,12487.4,,2026-07-20
,,,11890.47,49421.98,,2026-11-07
,,,49152.18,15330.59,,2026-02-16
,,,40021.99,32037.23,,2023-06-14
,,,41806.52,36373.15,,2023-12-14
,,,33854.84,22294.35,,2023-03-05
,,,47803.45,18417.91,,2023-03-08
,,,30475.62,26184.04,,2024-01-28
,,,15790.48,20899.14,,2025-08-24
,,,44839.4,2467.67,,2023-03-02
,,,23103.33,42366.21,,2024-02-10
,,,29387.1,9292.14,,2023-05-15
,,,12536.75,14217.34,,2025-08-14
,,,712.05,35230.66,,2024-01-22
,,,10703.49,7818.71,,2026-09-12
,,,17561.81,3958.64,,2023-09-23
,,,23337.44,16542.38,,2026-05-18
,,,19251.09,15982.2,,2026-08-04
,,,49511.46,6902.32,,2026-02-06
,,,28898.01,14784.44,,2023-11-02
,,,24590.8,21453.3,,2025-08-06
,,,33557.73,27104.64,,2025-04-01
,,,10222.15,7594.49,,2023-05-15
,,,30550.39,31419.2,,2026-04-13
,,,15132.85,36966.07,,2026-03-02
,,,35020.43,22033.1,,2024-09-08
,,,14973.01,45091.57,,2025-09-17
,,,1162.44,29294.76,,2026-02-18
,,,23196.43,41766.48,,2025-12-13
,,,18367.42,34354.67,,2026-01-24
,,,3720.02,32705.36,,2024-10-03
,,,20521.43,29687.94,,2026-10-07
,,,41320.05,37709.52,,2025-03-20
,,,34618.84,42738.26,,2023-02-03
,,,23923.74,15204.76,,2024-08-11
,,,11595.35,45722.66,,2024-04-26
,,,35965.11,2778.7,,2023-07-20
,,,19828.69,7463.5,,2025-03-19
,,,4725.26,46599.71,,2023-05-25
,,,1535.57,796.33,,2024-05-03
,,,36212.2,40696.06,,2023-07-26
,,,10148.89,20377.38,,2026-10-25
,,,15863.3,37998.73,,2024-11-22
,,,18751.06,23465.98,,2026-02-12
,,,17185.67,29090.5,,2023-01-28
,,,49581.46,48429.25,,2025-12-19
,,,25277.82,32753.09,,2025-04-17
,,,22926.2,20780.88,,2023-12-13
,,,2648.33,28981.02,,2024-08-28
,,,30720.63,29776.48,,2025-02-16
,,,8428.32,3846.1,,2026-01-12
,,,11558.77,38155.08,,2023-02-12
,,,15449.26,20059.29,,2023-09-28
,,,13108.54,9086.8,,2026-10-28
,,,23861.22,17488.71,,2023-01-07
,,,32307.31,28116.43,,2023-03-08
,,,24144.98,14690.74,,2023-12-03
,,,24771.45,28849.61,,2025-02-03
,,,35853.29,48457.07,,2024-05-20
,,,27752.17,2249.23,,2023-06-08
,,,48235.74,38654.03,,2024-03-16
,,,24756.95,29974.13,,2026-11-10
,,,19915.84,43777.2,,2023-09-28
,,,6850.36,12643.13,,2025-09-21
,,,48980.21,14043.27,,2026-06-27
,,,24798.25,47648.64,,2025-09-13
,,,49525.23,4315.34,,2025-03-12
,,,568.86,40171.13,,2026-12-25
,,,15845.12,16517.6,,2025-12-10
,,,34401.11,47822.66,,2023-08-04
,,,16334.41,34993.95,,2025-02-23
,,,45265.23,39193.91,,2026-07-20
,,,17866.9,26990.23,,2026-06-05
,,,14991.88,32134.87,,2025-07-28
,,,38111.53,34623.12,,2025-04-11
,,,25202.54,7726.71,,2025-02-22
,,,20441.4,22284.74,,2025-04-11
,,,23243.5,38830.82,,2023-07-15
,,,32381.73,25676.49,,2023-07-03
,,,24495.1,45750.96,,2025-11-27
,,,44050.73,20417.24,,2023-09-18
,,,30061.24,13558.24,,2026-09-14
,,,28315.54,19391.4,,2023-04-23
,,,22418.34,38306.3,,2023-07-18
,,,984.82,30540.08,,2025-08-17
,,,48713.94,31430.7,,2026-02-19
,,,27324.81,41532.13,,2023-11-27
,,,42058.85,7122.99,,2025-12-17
,,,22469.74,1006.04,,2023-07-01
,,,32251.78,15054.34,,2025-02-09
,,,2635.48,7267.81,,2024-06-19
,,,22688.45,240.58,,2023-04-22
,,,13817.09,25982.55,,2026-10-10
,,,11980.47,41325.01,,2023-02-11
,,,14687.6,27319.46,,2023-09-13
,,,33385.86,17025.86,,2026-01-05
,,,42870.09,47397.68,,2024-06-25
,,,15003.77,38710.68,,2025-05-10
,,,17373.02,30725.68,,2025-11-24
,,,15563.21,42479.2,,2026-04-28
,,,65.06,10224.78,,2025-06-19
,,,6828.27,29273.35,,2024-06-21
,,,9397.54,11620.25,,2026-11-15
,,,13956.85,2042.41,,2025-01-25
,,,36039.18,11107.68,,2026-01-11
,,,31322.29,40281.37,,2023-03-19
,,,33692.05,43406.82,,2023-06-04
,,,21263.17,2885.67,,2024-10-04
,,,14732.6,15396.45,,2026-03-07
,,,47972.62,47818.83,,2024-12-28
,,,39656.36,11011.06,,2024-06-03
,,,2688.79,13543.97,,2025-07-04
,,,36631.28,10016.2,,2024-01-01
,,,23637.04,27088.61,,2025-01-08
,,,48010.98,18224.76,,2026-09-05
,,,34580.35,22731.72,,2024-03-22
,,,3046.06,22363.25,,2023-06-01
,,,12567.11,7287.0,,2023-08-15
,,,22168.71,15298.47,,2026-03-04
,,,39661.57,10258.66,,2026-06-09
,,,37821.82,8602.49,,2023-04-11
,,,10807.72,32914.87,,2023-08-27
,,,5081.09,24848.19,,2023-01-02
,,,6066.01,8576.42,,2026-01-14
,,,5489.15,18095.85,,2025-08-04
,,,36735.02,13339.23,,2024-05-02
,,,1990.76,7563.24,,2023-11-02
,,,44867.03,19380.9,,2023-10-05
,,,38055.73,27334.45,,2025-03-28
,,,45001.97,17168.76,,2026-06-09
,,,10204.6,16342.66,,2026-07-17
,,,18973.2,28957.12,,2023-10-04
,,,18644.18,1352.41,,2023-07-15
,,,21846.75,27437.34,,2024-06-24
,,,27975.05,33654.07,,2026-10-08
,,,26092.66,33442.62,,2025-07-17
,,,10105.78,18632.27,,2025-09-15
,,,33243.18,24630.14,,2026-07-21
,,,22798.96,3425.51,,2026-05-01
,,,32111.9,348.74,,2023-11-07
,,,33719.24,38343.39,,2023-03-18
,,,11560.28,19211.63,,2024-01-03
,,,3402.33,19789.64,,2026-11-08
,,,17967.49,11871.19,,2026-03-24
,,,44767.26,36729.43,,2024-04-20
,,,11696.15,3552.28,,2023-11-03
,,,21806.94,12463.29,,2024-03-18
,,,10919.05,43446.13,,2023-11-08
,,,31792.1,4214.43,,2026-09-16
,,,47227.1,30362.67,,2024-06-26
,,,2724.46,2733.51,,2024-01-18
,,,32340.41,7544.38,,2023-02-24
,,,38222.87,15270.94,,2026-08-09
,,,40899.67,32712.31,,2025-10-10
,,,19803.7,34273.82,,2024-06-10
,,,45834.36,43338.36,,2024-12-04
,,,47241.6,17816.94,,2026-12-10
,,,21772.43,47490.8,,2025-08-18
,,,46410.87,7728.79,,2025-07-15
,,,49540.56,46079.44,,2025-08-22
,,,3370.61,11323.65,,2026-01-13
,,,3235.94,15281.35,,2023-05-11
,,,21400.7,10663.5,,2024-04-24
,,,25260.21,30108.84,,2023-05-25
,,,19624.23,34617.66,,2024-02-08
,,,44204.14,5919.54,,2023-05-22
,,,43051.01,46333.5,,2026-05-01
,,,26246.29,287.76,,2025-07-18
,,,34509.2,38651.02,,2025-06-12
,,,11500.04,49624.43,,2026-10-13
,,,44865.79,18873.94,,2023-05-07
,,,2315.36,44509.05,,2025-02-28
,,,40617.77,24907.46,,2026-02-27
,,,15507.41,20793.73,,2026-06-18
,,,2390.3,5203.0,,2026-02-28
,,,24231.28,48618.07,,2025-03-24
,,,24112.57,16375.17,,2024-04-14
,,,46591.72,33771.1,,2026-03-19
,,,31786.7,25834.85,,2026-09-13
,,,49205.78,46010.49,,2023-03-27
,,,32886.65,43272.55,,2024-05-22
,,,48836.35,20468.83,,2024-03-10
,,,24012.56,731.38,,2024-01-15
,,,5817.82,48614.58,,2023-09-01
,,,25554.93,19373.74,,2024-05-10
,,,34537.86,39013.77,,2025-04-06
,,,21110.29,4352.09,,2026-06-28
,,,43692.68,42261.3,,2024-01-03
,,,24295.32,6613.83,,2025-07-15
,,,29339.24,31364.46,,2023-03-16
,,,14654.51,18431.44,,2025-06-28
,,,8539.83,48162.38,,2026-05-17
,,,35885.34,38578.28,,2023-05-01
,,,27473.86,44153.27,,2025-06-11
,,,33164.69,47209.7,,2023-08-13
,,,27909.3,44686.14,,2026-12-25
,,,33178.83,32899.73,,2023-11-16
