order_id,customer_email,ship_name,ship_addr,total_usd,items
1,logan.gonzalez421@cloudreach.io,Evelyn Anderson,130 Main St, LA,2626.38,[1 items]
2,john.anderson287@liveloop.net,Evelyn Miller,469 Main St, LA,44617.59,[5 items]
3,emma.jackson155@hubmail.io,Amelia Lopez,605 Main St, NYC,12449.65,[4 items]
4,harper.jackson24@relay365.net,James Martinez,545 Main St, LA,10410.6,[2 items]
5,grace.thomas955@guardpost.io,Sophia Brown,939 Main St, NYC,2276.2,[3 items]
6,isabella.martin705@liveloop.net,Alexander Smith,640 Main St, NYC,22816.97,[3 items]
7,benjamin.martin383@hubmail.io,Amelia Wilson,282 Main St, Chicago,26201.32,[5 items]
8,noah.thomas767@cloudreach.io,Isabella Williams,557 Main St, Chicago,8771.25,[3 items]
9,aiden.lopez815@quickdrop.email,Abigail Anderson,224 Main St, NYC,31640.27,[1 items]
10,aiden.gonzalez269@inboxr.net,Amelia Jackson,601 Main St, LA,19732.79,[1 items]
11,jackson.lopez983@guardpost.io,Amelia Anderson,876 Main St, LA,10893.56,[3 items]
12,benjamin.taylor40@silentcrypt.io,Ethan Rodriguez,258 Main St, Chicago,41503.83,[5 items]
13,james.jackson786@quickdrop.email,Sophia Hernandez,991 Main St, Chicago,20662.01,[4 items]
14,liam.williams289@liveloop.net,Sophia Rodriguez,907 Main St, NYC,32216.92,[1 items]
15,harper.smith149@silentcrypt.io,Olivia Jones,766 Main St, Chicago,17996.51,[5 items]
16,sophia.davis508@relay365.net,Charlotte Anderson,777 Main St, NYC,5430.8,[1 items]
17,evelyn.williams176@relay365.net,Scarlett Smith,467 Main St, LA,30252.52,[4 items]
18,grace.williams895@cloudreach.io,Evelyn Brown,629 Main St, NYC,40009.64,[4 items]
19,alexander.brown714@guardpost.io,John Johnson,157 Main St, LA,29572.52,[3 items]
20,daniel.brown453@mailpost.net,Logan Smith,414 Main St, Chicago,24222.94,[2 items]
21,daniel.anderson87@mailpost.net,Logan Wilson,61 Main St, Chicago,1778.22,[1 items]
22,james.miller187@townmail.net,John Anderson,453 Main St, LA,30644.18,[3 items]
23,ella.wilson248@quickdrop.email,Ethan Smith,297 Main St, Chicago,27031.27,[5 items]
24,lucas.williams728@inboxr.net,Scarlett Garcia,222 Main St, Chicago,13505.68,[5 items]
25,noah.johnson222@guardpost.io,Matthew Martinez,590 Main St, Chicago,16541.47,[5 items]
26,amelia.rodriguez48@mailpost.net,Alexander Miller,507 Main St, NYC,34060.65,[2 items]
27,mason.garcia943@guardpost.io,Alexander Brown,621 Main St, Chicago,33257.14,[3 items]
28,scarlett.williams539@guardpost.io,Logan Williams,605 Main St, NYC,25942.7,[4 items]
29,amelia.thomas775@quickdrop.email,Alexander Miller,727 Main St, NYC,16507.46,[1 items]
30,mia.jones918@inboxr.net,Daniel Gonzalez,658 Main St, LA,12917.21,[1 items]
31,ethan.gonzalez248@liveloop.net,Noah Taylor,813 Main St, Chicago,18418.94,[2 items]
32,isabella.anderson325@liveloop.net,Sophia Garcia,694 Main St, NYC,16971.27,[1 items]
33,olivia.smith136@mailpost.net,Ella Thomas,564 Main St, Chicago,46156.2,[2 items]
34,logan.taylor856@quickdrop.email,Ethan Hernandez,423 Main St, NYC,15894.21,[3 items]
35,ella.rodriguez606@townmail.net,Emma Brown,459 Main St, NYC,32127.47,[5 items]
36,noah.smith250@mailpost.net,Mason Davis,886 Main St, LA,36495.15,[1 items]
37,liam.smith737@inboxr.net,Isabella Johnson,897 Main St, LA,8461.29,[5 items]
38,olivia.hernandez756@townmail.net,Ava Rodriguez,339 Main St, Chicago,39218.71,[5 items]
39,john.smith342@hubmail.io,John Jackson,938 Main St, NYC,39893.14,[4 items]
40,mason.moore592@hubmail.io,Daniel Brown,361 Main St, Chicago,6707.91,[2 items]
41,grace.johnson441@relay365.net,Charlotte Garcia,783 Main St, Chicago,17375.39,[2 items]
42,mason.lopez224@inboxr.net,Daniel Taylor,621 Main St, Chicago,33196.03,[5 items]
43,scarlett.martinez98@mailpost.net,Charlotte Lopez,494 Main St, LA,36550.48,[1 items]
44,daniel.moore946@hubmail.io,Sophia Jones,209 Main St, LA,38262.75,[5 items]
45,benjamin.martin268@liveloop.net,Ethan Williams,780 Main St, LA,28075.64,[3 items]
46,scarlett.thomas905@townmail.net,Ella Smith,585 Main St, NYC,21146.95,[2 items]
47,emma.thomas216@guardpost.io,Amelia Rodriguez,696 Main St, NYC,18321.58,[1 items]
48,olivia.martin635@liveloop.net,Lucas Jackson,71 Main St, Chicago,32099.77,[1 items]
49,mia.martinez744@guardpost.io,Amelia Brown,174 Main St, Chicago,7862.19,[4 items]
50,abigail.lopez620@silentcrypt.io,Mason Smith,49 Main St, LA,40372.6,[1 items]
51,amelia.davis128@relay365.net,Aiden Martinez,303 Main St, LA,35740.85,[5 items]
52,benjamin.jones781@mailpost.net,Jackson Jones,306 Main St, LA,43571.72,[3 items]
53,matthew.moore979@townmail.net,Logan Martinez,130 Main St, LA,5825.58,[2 items]
54,ella.davis368@hubmail.io,Aiden Taylor,533 Main St, Chicago,42443.97,[1 items]
55,lucas.hernandez151@inboxr.net,Ella Johnson,975 Main St, LA,4133.47,[2 items]
56,alexander.garcia405@quickdrop.email,Isabella Thomas,660 Main St, Chicago,27496.2,[4 items]
57,abigail.martin607@mailpost.net,John Davis,4 Main St, NYC,31417.51,[4 items]
58,noah.johnson297@hubmail.io,Liam Hernandez,288 Main St, Chicago,38809.43,[1 items]
59,isabella.thomas400@mailpost.net,Alexander Thomas,695 Main St, Chicago,19962.76,[5 items]
60,charlotte.rodriguez423@guardpost.io,Emma Lopez,886 Main St, NYC,49268.24,[3 items]
61,ella.thomas418@relay365.net,Ella Smith,279 Main St, NYC,9749.87,[4 items]
62,logan.anderson299@liveloop.net,Mia Anderson,669 Main St, NYC,7377.97,[1 items]
63,charlotte.jackson759@liveloop.net,Alexander Brown,434 Main St, LA,19949.22,[3 items]
64,logan.jackson391@hubmail.io,Evelyn Anderson,982 Main St, LA,22139.17,[4 items]
65,sophia.taylor56@guardpost.io,Charlotte Garcia,934 Main St, Chicago,47025.84,[4 items]
66,grace.wilson885@guardpost.io,John Miller,302 Main St, LA,24146.79,[4 items]
67,grace.jones624@silentcrypt.io,Noah Williams,656 Main St, LA,26739.58,[3 items]
68,james.anderson753@townmail.net,Scarlett Jackson,916 Main St, Chicago,33802.31,[1 items]
69,aiden.taylor301@guardpost.io,Harper Moore,327 Main St, LA,27804.94,[2 items]
70,daniel.wilson375@inboxr.net,Emma Anderson,321 Main St, LA,6093.21,[1 items]
71,ella.taylor416@townmail.net,Harper Taylor,743 Main St, NYC,5738.33,[5 items]
72,aiden.lopez184@quickdrop.email,Liam Jackson,860 Main St, NYC,47162.13,[3 items]
73,grace.johnson881@hubmail.io,James Brown,386 Main St, LA,10402.27,[3 items]
74,benjamin.johnson889@inboxr.net,Abigail Martin,349 Main St, LA,1737.02,[4 items]
75,liam.martinez191@hubmail.io,Matthew Martinez,635 Main St, NYC,25149.81,[3 items]
76,isabella.rodriguez8@guardpost.io,Liam Lopez,668 Main St, LA,33900.94,[4 items]
77,grace.gonzalez707@relay365.net,Logan Smith,82 Main St, Chicago,10018.51,[3 items]
78,mia.wilson32@guardpost.io,Ethan Miller,640 Main St, NYC,37384.69,[5 items]
79,grace.lopez458@cloudreach.io,Noah Thomas,199 Main St, LA,33013.06,[3 items]
80,ella.anderson678@hubmail.io,Isabella Jones,535 Main St, LA,8566.92,[5 items]
81,john.brown821@townmail.net,Emma Garcia,141 Main St, NYC,15781.48,[2 items]
82,ethan.rodriguez485@guardpost.io,Olivia Williams,764 Main St, NYC,37428.02,[1 items]
83,matthew.jackson288@guardpost.io,Abigail Hernandez,573 Main St, Chicago,16448.52,[1 items]
84,mason.davis953@mailpost.net,Ella Moore,278 Main St, NYC,46012.92,[2 items]
85,charlotte.thomas221@townmail.net,Mason Jackson,265 Main St, LA,29607.37,[1 items]
86,olivia.martinez661@inboxr.net,Jackson Hernandez,178 Main St, Chicago,38762.11,[1 items]
87,amelia.martinez40@hubmail.io,Evelyn Moore,105 Main St, Chicago,5053.66,[4 items]
88,evelyn.moore453@inboxr.net,John Davis,642 Main St, NYC,38636.95,[2 items]
89,harper.rodriguez237@relay365.net,John Miller,168 Main St, NYC,4330.75,[4 items]
90,daniel.hernandez5@liveloop.net,Liam Gonzalez,805 Main St, LA,17771.23,[5 items]
91,abigail.williams209@mailpost.net,Ethan Lopez,492 Main St, NYC,4821.71,[1 items]
92,benjamin.garcia662@liveloop.net,Benjamin Miller,378 Main St, Chicago,28592.17,[4 items]
93,emma.jones69@hubmail.io,Alexander Hernandez,882 Main St, LA,24945.69,[1 items]
94,ava.smith279@inboxr.net,Charlotte Jones,944 Main St, Chicago,13319.29,[5 items]
95,isabella.jackson628@relay365.net,John Brown,209 Main St, LA,10619.37,[5 items]
96,ava.hernandez18@quickdrop.email,Jackson Johnson,979 Main St, NYC,22448.09,[4 items]
97,mason.johnson230@silentcrypt.io,Mason Moore,301 Main St, LA,20164.01,[1 items]
98,noah.williams658@inboxr.net,Mason Brown,329 Main St, NYC,36737.94,[2 items]
99,charlotte.martin322@silentcrypt.io,Harper Anderson,954 Main St, LA,29666.07,[2 items]
100,harper.thomas701@liveloop.net,James Martinez,757 Main St, Chicago,43133.57,[2 items]
101,grace.moore27@quickdrop.email,Daniel Thomas,949 Main St, NYC,3730.57,[3 items]
102,alexander.taylor874@liveloop.net,Alexander Smith,135 Main St, NYC,23533.18,[1 items]
103,logan.williams878@townmail.net,Aiden Brown,399 Main St, NYC,35711.42,[5 items]
104,amelia.garcia194@cloudreach.io,John Anderson,758 Main St, Chicago,32393.75,[3 items]
105,harper.brown591@silentcrypt.io,Emma Garcia,766 Main St, LA,15084.49,[4 items]
106,sophia.martin610@inboxr.net,Charlotte Smith,197 Main St, NYC,45225.62,[3 items]
107,jackson.gonzalez872@hubmail.io,Jackson Johnson,838 Main St, Chicago,19357.12,[2 items]
108,daniel.miller628@guardpost.io,Ethan Brown,906 Main St, NYC,17210.31,[5 items]
109,emma.jackson888@quickdrop.email,Sophia Davis,788 Main St, Chicago,18226.41,[3 items]
110,mason.martin238@relay365.net,Abigail Miller,543 Main St, LA,27552.45,[2 items]
111,ella.garcia365@guardpost.io,Daniel Davis,780 Main St, Chicago,5606.33,[2 items]
112,grace.smith947@townmail.net,James Jones,166 Main St, Chicago,3959.11,[5 items]
113,grace.garcia633@townmail.net,Ava Martin,909 Main St, NYC,8451.06,[3 items]
114,emma.garcia951@townmail.net,John Garcia,635 Main St, Chicago,25114.69,[4 items]
115,matthew.johnson249@hubmail.io,Abigail Rodriguez,441 Main St, NYC,3892.07,[5 items]
116,benjamin.martinez545@quickdrop.email,Emma Thomas,416 Main St, Chicago,32519.42,[5 items]
117,abigail.hernandez730@cloudreach.io,Sophia Rodriguez,988 Main St, LA,37276.37,[5 items]
118,aiden.lopez126@liveloop.net,Daniel Thomas,732 Main St, LA,32821.68,[1 items]
119,amelia.garcia140@liveloop.net,Charlotte Anderson,963 Main St, NYC,5215.77,[2 items]
120,ella.williams929@inboxr.net,Evelyn Hernandez,764 Main St, NYC,31595.61,[1 items]
121,isabella.williams585@silentcrypt.io,Mia Smith,368 Main St, NYC,3243.19,[5 items]
122,aiden.martinez457@hubmail.io,Scarlett Rodriguez,38 Main St, NYC,8985.7,[1 items]
123,grace.hernandez393@relay365.net,John Anderson,227 Main St, Chicago,2258.22,[4 items]
124,ava.lopez388@relay365.net,Scarlett Thomas,132 Main St, LA,42528.77,[4 items]
125,daniel.miller886@silentcrypt.io,Charlotte Wilson,202 Main St, NYC,35834.52,[4 items]
126,olivia.hernandez568@townmail.net,Mason Martin,664 Main St, Chicago,31622.34,[1 items]
127,grace.moore667@inboxr.net,Alexander Wilson,618 Main St, Chicago,44562.94,[1 items]
128,evelyn.jackson895@guardpost.io,Lucas Hernandez,157 Main St, Chicago,42434.45,[2 items]
129,aiden.davis131@guardpost.io,Aiden Garcia,560 Main St, LA,4946.33,[3 items]
130,grace.davis715@inboxr.net,Jackson Smith,223 Main St, LA,14142.59,[3 items]
131,benjamin.smith984@mailpost.net,Harper Moore,869 Main St, NYC,20895.82,[2 items]
132,mia.lopez979@silentcrypt.io,Ethan Thomas,266 Main St, NYC,40802.5,[3 items]
133,aiden.moore679@silentcrypt.io,Mason Taylor,997 Main St, Chicago,48052.68,[1 items]
134,logan.rodriguez846@mailpost.net,Noah Davis,217 Main St, LA,6245.29,[2 items]
135,liam.martinez926@townmail.net,Olivia Thomas,242 Main St, LA,41089.73,[5 items]
136,liam.garcia554@guardpost.io,Alexander Brown,492 Main St, LA,13275.48,[3 items]
137,benjamin.jones741@cloudreach.io,Jackson Wilson,911 Main St, LA,23456.07,[3 items]
138,liam.lopez75@inboxr.net,Ethan Martin,718 Main St, Chicago,8749.84,[3 items]
139,isabella.garcia318@silentcrypt.io,Logan Jackson,73 Main St, LA,21865.38,[3 items]
140,jackson.gonzalez35@inboxr.net,James Garcia,90 Main St, LA,20984.56,[4 items]
141,liam.johnson752@liveloop.net,Harper Jackson,55 Main St, NYC,43918.92,[3 items]
142,olivia.taylor138@quickdrop.email,James Martinez,85 Main St, Chicago,45619.65,[3 items]
143,ethan.johnson852@liveloop.net,Jackson Jones,186 Main St, Chicago,25667.5,[4 items]
144,mason.moore831@hubmail.io,Olivia Jackson,519 Main St, LA,44999.09,[2 items]
145,ava.hernandez705@quickdrop.email,Ava Thomas,570 Main St, NYC,14604.5,[3 items]
146,ava.hernandez251@quickdrop.email,John Smith,794 Main St, LA,29650.3,[4 items]
147,grace.wilson753@inboxr.net,John Taylor,411 Main St, Chicago,15322.15,[4 items]
148,jackson.williams85@inboxr.net,Harper Gonzalez,482 Main St, NYC,23604.31,[4 items]
149,jackson.rodriguez860@relay365.net,Grace Smith,813 Main St, LA,23138.9,[2 items]
150,benjamin.jackson134@relay365.net,Aiden Jackson,294 Main St, NYC,37756.08,[4 items]
151,jackson.gonzalez194@liveloop.net,Aiden Gonzalez,384 Main St, Chicago,32433.24,[5 items]
152,lucas.moore653@relay365.net,Evelyn Smith,573 Main St, NYC,47970.37,[2 items]
153,grace.wilson544@guardpost.io,Sophia Smith,416 Main St, NYC,34624.72,[4 items]
154,ava.smith926@liveloop.net,Sophia Wilson,663 Main St, Chicago,36205.42,[2 items]
155,amelia.davis964@relay365.net,Mia Johnson,282 Main St, Chicago,4636.74,[2 items]
156,john.anderson34@silentcrypt.io,Mason Taylor,728 Main St, Chicago,21497.6,[4 items]
157,harper.gonzalez607@mailpost.net,Evelyn Thomas,352 Main St, LA,36069.12,[3 items]
158,abigail.taylor224@liveloop.net,John Rodriguez,786 Main St, NYC,10440.04,[5 items]
159,abigail.thomas942@liveloop.net,James Wilson,303 Main St, Chicago,18562.51,[5 items]
160,ava.wilson592@guardpost.io,Scarlett Smith,746 Main St, NYC,3495.44,[4 items]
161,noah.rodriguez289@inboxr.net,Charlotte Rodriguez,965 Main St, LA,40002.44,[3 items]
162,aiden.williams203@inboxr.net,Logan Gonzalez,251 Main St, Chicago,33483.71,[4 items]
163,jackson.rodriguez518@guardpost.io,Abigail Lopez,982 Main St, NYC,39593.61,[3 items]
164,ava.anderson300@townmail.net,Mason Jackson,45 Main St, LA,12493.55,[1 items]
165,jackson.moore24@inboxr.net,Daniel Lopez,670 Main St, Chicago,11031.38,[3 items]
166,logan.martin879@liveloop.net,Jackson Taylor,252 Main St, NYC,8958.8,[4 items]
167,mia.williams842@inboxr.net,Harper Jackson,42 Main St, NYC,7282.86,[2 items]
168,harper.davis141@townmail.net,Sophia Rodriguez,553 Main St, NYC,26120.33,[5 items]
169,jackson.lopez743@mailpost.net,Alexander Thomas,663 Main St, NYC,25336.79,[2 items]
170,lucas.wilson144@liveloop.net,Aiden Martin,897 Main St, Chicago,15878.24,[3 items]
171,isabella.garcia384@relay365.net,Aiden Rodriguez,390 Main St, NYC,35145.37,[3 items]
172,john.wilson765@liveloop.net,Liam Johnson,895 Main St, LA,479.04,[3 items]
173,alexander.williams54@quickdrop.email,Evelyn Smith,220 Main St, NYC,17316.21,[1 items]
174,evelyn.martinez539@mailpost.net,Olivia Jones,33 Main St, Chicago,16838.34,[4 items]
175,olivia.martin823@quickdrop.email,Ethan Thomas,482 Main St, NYC,7613.19,[3 items]
176,sophia.wilson647@hubmail.io,Olivia Jones,659 Main St, NYC,15831.98,[5 items]
177,benjamin.martinez232@inboxr.net,Ava Hernandez,68 Main St, NYC,43047.46,[5 items]
178,grace.brown303@guardpost.io,Matthew Lopez,19 Main St, Chicago,16337.47,[2 items]
179,mason.rodriguez75@hubmail.io,Harper Johnson,198 Main St, NYC,33472.51,[4 items]
180,harper.martinez628@silentcrypt.io,Charlotte Jones,661 Main St, LA,5932.2,[2 items]
181,isabella.anderson453@liveloop.net,Aiden Thomas,659 Main St, Chicago,43692.72,[3 items]
182,abigail.miller127@hubmail.io,Alexander Moore,50 Main St, Chicago,29234.12,[2 items]
183,grace.hernandez264@hubmail.io,Olivia Moore,679 Main St, NYC,36808.13,[4 items]
184,mason.johnson610@hubmail.io,Isabella Wilson,782 Main St, Chicago,17773.71,[4 items]
185,james.garcia914@cloudreach.io,Noah Martin,100 Main St, LA,44407.62,[4 items]
186,john.anderson408@liveloop.net,Lucas Brown,995 Main St, Chicago,5205.42,[2 items]
187,sophia.thomas833@inboxr.net,Daniel Jones,49 Main St, NYC,28349.47,[1 items]
188,daniel.jackson696@townmail.net,Logan Thomas,549 Main St, NYC,34250.8,[4 items]
189,lucas.jones905@quickdrop.email,Scarlett Thomas,345 Main St, LA,32215.09,[3 items]
190,scarlett.wilson13@relay365.net,Liam Brown,618 Main St, LA,43914.81,[4 items]
191,jackson.hernandez496@quickdrop.email,Sophia Williams,690 Main St, Chicago,18332.93,[1 items]
192,abigail.martinez524@inboxr.net,Charlotte Smith,660 Main St, NYC,3569.88,[4 items]
193,logan.johnson443@relay365.net,Abigail Hernandez,419 Main St, LA,1373.89,[2 items]
194,james.johnson314@guardpost.io,Liam Lopez,60 Main St, NYC,21287.6,[5 items]
195,ethan.garcia888@silentcrypt.io,Matthew Brown,856 Main St, NYC,12501.79,[4 items]
196,ava.martin720@silentcrypt.io,Grace Miller,30 Main St, Chicago,15862.38,[2 items]
197,aiden.taylor747@cloudreach.io,Harper Rodriguez,447 Main St, LA,32996.55,[1 items]
198,jackson.jackson157@inboxr.net,Logan Garcia,13 Main St, LA,45009.32,[4 items]
199,harper.gonzalez611@silentcrypt.io,Emma Johnson,571 Main St, Chicago,32351.74,[5 items]
200,abigail.anderson488@hubmail.io,Olivia Williams,473 Main St, LA,40212.71,[5 items]
201,amelia.taylor938@inboxr.net,Alexander Taylor,24 Main St, NYC,46178.63,[1 items]
202,logan.taylor387@hubmail.io,Alexander Moore,83 Main St, LA,21871.92,[1 items]
203,charlotte.jackson650@relay365.net,Ella Rodriguez,607 Main St, NYC,14463.94,[4 items]
204,john.williams205@quickdrop.email,Isabella Rodriguez,244 Main St, LA,21884.24,[4 items]
205,liam.davis760@hubmail.io,Benjamin Johnson,735 Main St, NYC,17426.05,[3 items]
206,abigail.davis549@cloudreach.io,Logan Gonzalez,876 Main St, LA,31849.72,[3 items]
207,evelyn.jackson863@liveloop.net,Grace Hernandez,971 Main St, NYC,26141.0,[5 items]
208,ava.moore673@inboxr.net,Jackson Wilson,132 Main St, Chicago,19974.27,[5 items]
209,alexander.moore735@mailpost.net,Isabella Garcia,538 Main St, LA,22449.04,[1 items]
210,aiden.miller35@cloudreach.io,Scarlett Lopez,141 Main St, NYC,32681.16,[5 items]
211,aiden.lopez104@townmail.net,James Smith,941 Main St, Chicago,3912.75,[4 items]
212,emma.martinez597@quickdrop.email,Charlotte Garcia,652 Main St, NYC,47613.08,[5 items]
213,mason.taylor702@cloudreach.io,Isabella Lopez,400 Main St, LA,8820.06,[4 items]
214,alexander.moore302@mailpost.net,Abigail Gonzalez,690 Main St, LA,45218.92,[3 items]
215,amelia.moore854@cloudreach.io,Sophia Lopez,46 Main St, NYC,22970.89,[1 items]
216,charlotte.thomas14@cloudreach.io,Ava Brown,878 Main St, NYC,28083.84,[5 items]
217,benjamin.martinez186@townmail.net,Benjamin Anderson,418 Main St, LA,4303.23,[1 items]
218,liam.moore506@hubmail.io,Daniel Davis,172 Main St, NYC,1890.96,[4 items]
219,john.martin596@quickdrop.email,Grace Moore,68 Main St, LA,7385.84,[3 items]
220,mia.garcia130@silentcrypt.io,Mason Smith,124 Main St, LA,39495.71,[1 items]
221,aiden.rodriguez244@quickdrop.email,John Wilson,939 Main St, NYC,49617.9,[3 items]
222,alexander.gonzalez706@silentcrypt.io,Charlotte Garcia,32 Main St, Chicago,3678.46,[2 items]
223,liam.brown692@guardpost.io,Amelia Rodriguez,601 Main St, NYC,38077.28,[1 items]
224,harper.moore107@relay365.net,Daniel Taylor,517 Main St, LA,34665.77,[4 items]
225,mia.williams897@townmail.net,James Martin,684 Main St, Chicago,48363.23,[4 items]
226,john.miller127@hubmail.io,Mia Jackson,947 Main St, NYC,46976.47,[3 items]
227,noah.miller59@inboxr.net,Lucas Martinez,925 Main St, NYC,10275.32,[5 items]
228,olivia.williams348@silentcrypt.io,Abigail Wilson,753 Main St, LA,11968.88,[2 items]
229,olivia.williams667@townmail.net,Ava Davis,33 Main St, NYC,27369.35,[2 items]
230,daniel.martinez738@relay365.net,Grace Davis,787 Main St, NYC,7556.16,[5 items]
231,james.hernandez715@inboxr.net,Evelyn Garcia,861 Main St, Chicago,41557.47,[5 items]
232,charlotte.taylor781@quickdrop.email,Isabella Hernandez,100 Main St, LA,5078.57,[1 items]
233,daniel.gonzalez37@silentcrypt.io,Evelyn Gonzalez,248 Main St, LA,17601.49,[5 items]
234,isabella.brown347@guardpost.io,Scarlett Anderson,592 Main St, LA,19124.49,[3 items]
235,jackson.williams336@silentcrypt.io,Isabella Martin,881 Main St, LA,12425.91,[5 items]
236,ava.taylor199@hubmail.io,Olivia Lopez,673 Main St, LA,35179.74,[5 items]
237,grace.lopez498@guardpost.io,Ella Gonzalez,697 Main St, Chicago,17747.52,[4 items]
238,sophia.gonzalez865@relay365.net,Jackson Jones,319 Main St, NYC,401.66,[3 items]
239,emma.martin246@hubmail.io,Alexander Davis,628 Main St, Chicago,25825.28,[3 items]
240,charlotte.lopez498@relay365.net,Aiden Lopez,752 Main St, Chicago,38171.61,[2 items]
241,daniel.jackson861@inboxr.net,Sophia Miller,765 Main St, NYC,1695.77,[4 items]
242,emma.wilson244@cloudreach.io,Isabella Martin,223 Main St, Chicago,45454.4,[2 items]
243,liam.gonzalez452@mailpost.net,Mia Garcia,297 Main St, LA,15398.3,[5 items]
244,john.thomas474@relay365.net,Scarlett Hernandez,700 Main St, NYC,36712.37,[3 items]
245,lucas.gonzalez743@townmail.net,Benjamin Johnson,327 Main St, NYC,42450.66,[3 items]
246,matthew.gonzalez947@guardpost.io,Noah Jones,733 Main St, Chicago,6450.18,[3 items]
247,lucas.miller78@silentcrypt.io,Ava Anderson,578 Main St, Chicago,45745.84,[1 items]
248,liam.miller977@inboxr.net,Matthew Hernandez,250 Main St, Chicago,46488.34,[3 items]
249,daniel.martin175@relay365.net,Daniel Hernandez,2 Main St, LA,29985.49,[3 items]
250,sophia.miller482@mailpost.net,Amelia Lopez,613 Main St, Chicago,38247.58,[2 items]
251,grace.hernandez643@guardpost.io,Matthew Jackson,236 Main St, NYC,28423.29,[1 items]
252,grace.hernandez793@silentcrypt.io,Matthew Garcia,180 Main St, NYC,42781.48,[3 items]
253,alexander.davis68@quickdrop.email,Sophia Moore,439 Main St, NYC,35526.69,[5 items]
254,sophia.rodriguez917@cloudreach.io,John Anderson,788 Main St, Chicago,17163.36,[4 items]
255,scarlett.hernandez764@inboxr.net,Mason Johnson,472 Main St, Chicago,37721.08,[3 items]
256,ella.gonzalez370@relay365.net,Emma Lopez,175 Main St, LA,46738.84,[3 items]
257,sophia.davis215@liveloop.net,Logan Martin,93 Main St, LA,45088.56,[3 items]
258,aiden.smith58@relay365.net,Abigail Thomas,72 Main St, NYC,7882.05,[3 items]
259,liam.taylor350@mailpost.net,Benjamin Martin,960 Main St, Chicago,40859.82,[1 items]
260,olivia.jackson132@cloudreach.io,Charlotte Williams,505 Main St, LA,19300.67,[5 items]
261,ethan.miller960@silentcrypt.io,Ava Jackson,110 Main St, Chicago,27140.33,[1 items]
262,matthew.taylor858@liveloop.net,Olivia Wilson,901 Main St, Chicago,10886.88,[3 items]
263,grace.martinez148@guardpost.io,Jackson Taylor,398 Main St, Chicago,11682.43,[4 items]
264,emma.hernandez524@relay365.net,Evelyn Lopez,387 Main St, NYC,40089.57,[4 items]
265,benjamin.thomas955@liveloop.net,Ella Wilson,620 Main St, LA,15814.63,[3 items]
266,noah.thomas968@hubmail.io,Liam Garcia,476 Main St, NYC,47521.7,[3 items]
267,emma.gonzalez40@hubmail.io,Grace Johnson,559 Main St, LA,14272.92,[2 items]
268,ethan.rodriguez447@guardpost.io,Ava Thomas,143 Main St, LA,38391.18,[1 items]
269,grace.thomas708@liveloop.net,Ethan Martin,621 Main St, LA,7119.45,[3 items]
270,logan.anderson169@cloudreach.io,Matthew Johnson,569 Main St, NYC,47147.81,[4 items]
271,scarlett.garcia848@mailpost.net,Amelia Martin,445 Main St, NYC,7313.84,[4 items]
272,evelyn.jones777@hubmail.io,Isabella Lopez,114 Main St, NYC,9804.06,[4 items]
273,noah.wilson537@guardpost.io,Matthew Smith,306 Main St, Chicago,8276.7,[3 items]
274,logan.miller629@relay365.net,Emma Smith,836 Main St, NYC,38592.63,[1 items]
275,scarlett.davis724@inboxr.net,Isabella Martinez,975 Main St, NYC,42234.48,[5 items]
276,mia.lopez583@cloudreach.io,Daniel Thomas,427 Main St, Chicago,18881.61,[1 items]
277,jackson.davis864@guardpost.io,Amelia Lopez,121 Main St, Chicago,2177.84,[4 items]
278,grace.hernandez867@cloudreach.io,Emma Garcia,328 Main St, LA,23742.28,[1 items]
279,grace.jackson515@liveloop.net,Logan Anderson,750 Main St, NYC,10264.11,[3 items]
280,noah.williams55@relay365.net,Olivia Hernandez,394 Main St, LA,28233.19,[4 items]
281,charlotte.jackson557@quickdrop.email,Olivia Davis,202 Main St, LA,32167.67,[5 items]
282,amelia.wilson685@mailpost.net,James Lopez,937 Main St, Chicago,5986.38,[2 items]
283,ethan.williams952@townmail.net,Evelyn Garcia,449 Main St, Chicago,6589.34,[3 items]
284,mia.smith664@townmail.net,John Thomas,589 Main St, NYC,47018.8,[4 items]
285,ella.jackson47@hubmail.io,Charlotte Smith,33 Main St, Chicago,7797.79,[2 items]
286,sophia.smith272@quickdrop.email,Harper Moore,620 Main St, Chicago,43662.75,[4 items]
287,liam.hernandez150@hubmail.io,Ella Jackson,108 Main St, NYC,39851.31,[5 items]
288,daniel.miller716@inboxr.net,Mia Wilson,251 Main St, Chicago,35305.18,[1 items]
289,liam.garcia105@quickdrop.email,Liam Martinez,96 Main St, LA,36469.33,[3 items]
290,daniel.hernandez186@guardpost.io,James Lopez,368 Main St, LA,157.86,[3 items]
291,charlotte.gonzalez815@hubmail.io,Jackson Thomas,467 Main St, LA,37213.38,[2 items]
292,noah.thomas856@townmail.net,Abigail Williams,803 Main St, Chicago,16206.86,[3 items]
293,ella.miller315@relay365.net,Olivia Hernandez,886 Main St, Chicago,16825.72,[2 items]
294,jackson.gonzalez714@silentcrypt.io,John Moore,49 Main St, LA,11907.9,[3 items]
295,charlotte.martinez112@liveloop.net,Ethan Smith,832 Main St, Chicago,25871.72,[3 items]
296,grace.gonzalez325@relay365.net,Aiden Martinez,984 Main St, LA,32961.11,[4 items]
297,aiden.moore941@silentcrypt.io,Ava Martin,644 Main St, LA,40362.66,[4 items]
298,lucas.thomas760@townmail.net,James Jackson,100 Main St, NYC,24954.93,[3 items]
299,alexander.martinez85@inboxr.net,Mia Brown,819 Main St, LA,7710.63,[2 items]
300,daniel.brown666@silentcrypt.io,Harper Davis,355 Main St, NYC,46277.62,[4 items]
301,liam.williams821@cloudreach.io,Charlotte Thomas,533 Main St, LA,16503.79,[5 items]
302,logan.smith259@hubmail.io,Liam Jones,812 Main St, NYC,1692.47,[2 items]
303,olivia.johnson754@townmail.net,Sophia Taylor,697 Main St, LA,37516.34,[3 items]
304,isabella.smith864@cloudreach.io,Daniel Anderson,533 Main St, NYC,39207.11,[5 items]
305,evelyn.jackson684@liveloop.net,Grace Jones,972 Main St, NYC,34876.99,[1 items]
306,mason.hernandez595@cloudreach.io,Mia Moore,286 Main St, NYC,4868.25,[2 items]
307,benjamin.lopez59@cloudreach.io,Isabella Smith,943 Main St, Chicago,12658.82,[2 items]
308,alexander.hernandez360@townmail.net,Ethan Martin,810 Main St, LA,43468.93,[5 items]
309,lucas.davis983@cloudreach.io,Mia Wilson,170 Main St, NYC,11955.8,[2 items]
310,sophia.gonzalez589@guardpost.io,Olivia Rodriguez,720 Main St, NYC,13827.49,[2 items]
311,ethan.lopez254@hubmail.io,Mia Jackson,821 Main St, Chicago,9439.11,[3 items]
312,matthew.gonzalez367@relay365.net,Evelyn Anderson,196 Main St, NYC,10771.17,[1 items]
313,matthew.williams283@hubmail.io,James Thomas,631 Main St, Chicago,31084.91,[3 items]
314,mia.davis470@inboxr.net,Matthew Miller,1 Main St, LA,34822.54,[5 items]
315,grace.johnson155@mailpost.net,Daniel Rodriguez,909 Main St, NYC,48033.25,[5 items]
316,aiden.moore713@inboxr.net,Ethan Brown,363 Main St, NYC,15304.65,[4 items]
317,ava.lopez50@silentcrypt.io,Daniel Rodriguez,981 Main St, LA,45560.03,[5 items]
318,isabella.williams810@inboxr.net,Ethan Jones,621 Main St, Chicago,33440.34,[5 items]
319,john.smith895@hubmail.io,Amelia Moore,111 Main St, Chicago,1799.1,[3 items]
320,ethan.thomas656@townmail.net,Ethan Lopez,410 Main St, NYC,13838.71,[3 items]
321,liam.jackson49@mailpost.net,Ella Martin,550 Main St, LA,8932.08,[2 items]
322,evelyn.davis38@liveloop.net,Amelia Anderson,330 Main St, LA,49175.5,[2 items]
323,aiden.miller215@relay365.net,Isabella Anderson,169 Main St, NYC,24720.25,[4 items]
324,daniel.taylor578@silentcrypt.io,John Lopez,290 Main St, NYC,23799.08,[1 items]
325,alexander.davis155@relay365.net,Alexander Lopez,159 Main St, LA,41387.52,[4 items]
326,benjamin.miller155@townmail.net,Harper Davis,41 Main St, NYC,35837.94,[3 items]
327,lucas.miller257@mailpost.net,Noah Martin,340 Main St, LA,27818.98,[5 items]
328,lucas.davis819@cloudreach.io,Amelia Thomas,415 Main St, NYC,14065.44,[5 items]
329,emma.rodriguez480@liveloop.net,Harper Martinez,181 Main St, Chicago,42054.46,[1 items]
330,ava.williams754@townmail.net,Olivia Williams,640 Main St, Chicago,5968.3,[5 items]
331,logan.gonzalez232@townmail.net,Lucas Rodriguez,472 Main St, Chicago,47432.89,[5 items]
332,charlotte.martinez792@quickdrop.email,Matthew Brown,655 Main St, NYC,22637.35,[4 items]
333,isabella.johnson932@relay365.net,Aiden Garcia,887 Main St, Chicago,8983.94,[3 items]
334,scarlett.anderson723@cloudreach.io,Isabella Martinez,580 Main St, NYC,3824.54,[2 items]
335,benjamin.jackson71@quickdrop.email,Mia Smith,199 Main St, Chicago,24368.25,[5 items]
336,amelia.moore209@cloudreach.io,Liam Martinez,457 Main St, NYC,43999.42,[5 items]
337,amelia.jones78@cloudreach.io,Benjamin Johnson,371 Main St, Chicago,22818.61,[3 items]
338,daniel.brown678@hubmail.io,James Davis,3 Main St, LA,17139.84,[1 items]
339,mason.williams281@quickdrop.email,Abigail Wilson,560 Main St, Chicago,14084.91,[1 items]
340,daniel.smith292@quickdrop.email,Daniel Lopez,650 Main St, LA,6255.72,[3 items]
341,ella.lopez644@relay365.net,Jackson Anderson,658 Main St, Chicago,46487.52,[4 items]
342,isabella.jones880@cloudreach.io,Sophia Johnson,44 Main St, NYC,34306.14,[2 items]
343,jackson.davis76@inboxr.net,Olivia Hernandez,543 Main St, NYC,40090.68,[2 items]
344,alexander.garcia255@townmail.net,Matthew Martin,295 Main St, Chicago,33089.41,[2 items]
345,mia.rodriguez919@quickdrop.email,Logan Brown,509 Main St, Chicago,46102.54,[5 items]
346,logan.martinez765@quickdrop.email,Aiden Taylor,450 Main St, LA,42438.46,[3 items]
347,scarlett.taylor740@quickdrop.email,Mason Jackson,610 Main St, NYC,6331.78,[3 items]
348,sophia.jones709@quickdrop.email,Mia Jackson,849 Main St, Chicago,32959.16,[1 items]
349,ava.lopez66@hubmail.io,Noah Jackson,142 Main St, LA,49477.77,[5 items]
350,liam.smith134@silentcrypt.io,Matthew Gonzalez,82 Main St, LA,43071.2,[1 items]
351,james.gonzalez775@quickdrop.email,James Wilson,670 Main St, NYC,37663.02,[5 items]
352,charlotte.lopez254@cloudreach.io,Sophia Anderson,459 Main St, NYC,30904.11,[4 items]
353,liam.wilson583@mailpost.net,Logan Rodriguez,594 Main St, NYC,29332.96,[5 items]
354,daniel.davis357@silentcrypt.io,Aiden Miller,22 Main St, NYC,21790.03,[2 items]
355,liam.martinez137@guardpost.io,Logan Lopez,10 Main St, LA,33531.7,[2 items]
356,mason.miller380@relay365.net,Scarlett Martinez,776 Main St, Chicago,2928.51,[5 items]
357,scarlett.smith848@guardpost.io,John Miller,865 Main St, Chicago,5324.26,[2 items]
358,charlotte.anderson818@relay365.net,Mason Brown,608 Main St, Chicago,37694.4,[1 items]
359,olivia.williams1@townmail.net,Ella Hernandez,869 Main St, Chicago,10656.74,[1 items]
360,charlotte.wilson506@inboxr.net,Ava Thomas,540 Main St, Chicago,20952.71,[4 items]
361,james.davis533@cloudreach.io,Scarlett Anderson,263 Main St, Chicago,45254.79,[2 items]
362,charlotte.williams949@mailpost.net,Abigail Jackson,277 Main St, Chicago,10059.2,[3 items]
363,charlotte.martin507@inboxr.net,Emma Thomas,630 Main St, NYC,40807.38,[4 items]
364,liam.anderson383@mailpost.net,Noah Williams,791 Main St, Chicago,25999.51,[5 items]
365,amelia.rodriguez684@liveloop.net,Sophia Thomas,962 Main St, Chicago,23942.92,[1 items]
366,harper.jones86@cloudreach.io,Charlotte Martin,74 Main St, Chicago,24873.97,[1 items]
367,ethan.martinez561@townmail.net,Emma Thomas,47 Main St, LA,46211.4,[1 items]
368,scarlett.miller493@relay365.net,Lucas Garcia,579 Main St, NYC,28963.89,[1 items]
369,scarlett.davis339@relay365.net,Abigail Jackson,416 Main St, LA,37385.36,[3 items]
370,olivia.martin398@hubmail.io,John Thomas,69 Main St, NYC,19989.71,[1 items]
371,james.martinez297@mailpost.net,Lucas Jones,297 Main St, Chicago,45477.01,[3 items]
372,abigail.davis263@guardpost.io,Mia Anderson,457 Main St, Chicago,43758.23,[3 items]
373,grace.rodriguez363@hubmail.io,Harper Anderson,873 Main St, Chicago,46904.9,[5 items]
374,ella.lopez688@townmail.net,Alexander Wilson,31 Main St, NYC,37081.96,[1 items]
375,lucas.garcia256@quickdrop.email,Benjamin Garcia,320 Main St, NYC,35707.23,[3 items]
376,harper.thomas685@cloudreach.io,Scarlett Martinez,695 Main St, Chicago,48583.92,[2 items]
377,harper.smith431@guardpost.io,Harper Garcia,376 Main St, NYC,44944.68,[4 items]
378,matthew.moore826@guardpost.io,Noah Williams,967 Main St, Chicago,41821.33,[1 items]
379,lucas.brown607@relay365.net,John Gonzalez,234 Main St, NYC,19952.94,[2 items]
380,mia.martin241@townmail.net,Emma Moore,674 Main St, NYC,22179.81,[1 items]
381,amelia.wilson64@townmail.net,Aiden Williams,483 Main St, NYC,38737.49,[2 items]
382,matthew.taylor896@mailpost.net,Jackson Hernandez,580 Main St, NYC,15116.58,[1 items]
383,aiden.garcia598@liveloop.net,Ella Thomas,363 Main St, NYC,36975.09,[4 items]
384,evelyn.davis869@silentcrypt.io,Logan Hernandez,960 Main St, Chicago,24073.39,[3 items]
385,harper.williams712@liveloop.net,Daniel Gonzalez,402 Main St, NYC,24328.72,[4 items]
386,charlotte.lopez511@relay365.net,Matthew Johnson,729 Main St, NYC,9808.89,[5 items]
387,james.johnson977@cloudreach.io,Benjamin Garcia,900 Main St, LA,49212.47,[5 items]
388,mia.hernandez29@silentcrypt.io,Matthew Lopez,969 Main St, Chicago,37090.25,[2 items]
389,charlotte.hernandez921@liveloop.net,Mason Davis,898 Main St, NYC,41721.64,[4 items]
390,liam.smith408@inboxr.net,Aiden Miller,639 Main St, Chicago,23237.36,[3 items]
391,james.gonzalez722@townmail.net,John Jackson,983 Main St, LA,42336.09,[2 items]
392,jackson.brown459@guardpost.io,Liam Johnson,721 Main St, NYC,37065.23,[3 items]
393,ethan.martin761@inboxr.net,Ethan Jackson,138 Main St, LA,2046.44,[4 items]
394,jackson.thomas777@silentcrypt.io,Abigail Brown,234 Main St, Chicago,22469.18,[2 items]
395,logan.smith379@townmail.net,Lucas Johnson,448 Main St, Chicago,19541.9,[3 items]
396,mason.gonzalez231@guardpost.io,Matthew Martin,528 Main St, Chicago,25782.86,[2 items]
397,mason.martinez849@mailpost.net,Mason Lopez,944 Main St, LA,44008.79,[5 items]
398,lucas.brown723@liveloop.net,Jackson Brown,129 Main St, Chicago,17439.49,[5 items]
399,sophia.williams977@mailpost.net,Ethan Anderson,141 Main St, Chicago,5243.91,[3 items]
400,jackson.lopez151@townmail.net,Charlotte Smith,985 Main St, NYC,35090.69,[3 items]
401,liam.martinez400@silentcrypt.io,Lucas Lopez,944 Main St, Chicago,22846.64,[3 items]
402,evelyn.thomas393@mailpost.net,Lucas Johnson,122 Main St, NYC,27210.05,[5 items]
403,scarlett.williams2@cloudreach.io,Charlotte Miller,720 Main St, Chicago,1592.25,[5 items]
404,isabella.miller135@mailpost.net,Liam Williams,64 Main St, NYC,7135.6,[4 items]
405,olivia.wilson865@liveloop.net,Liam Brown,884 Main St, NYC,35137.4,[3 items]
406,ella.smith390@liveloop.net,Jackson Martinez,19 Main St, LA,42762.08,[3 items]
407,ella.williams178@liveloop.net,Ethan Davis,443 Main St, LA,13750.47,[4 items]
408,amelia.thomas52@mailpost.net,James Johnson,269 Main St, NYC,8519.3,[1 items]
409,sophia.jones443@silentcrypt.io,Scarlett Davis,579 Main St, NYC,5365.93,[2 items]
410,daniel.davis455@inboxr.net,James Rodriguez,96 Main St, LA,30824.46,[4 items]
411,benjamin.garcia530@inboxr.net,Aiden Jackson,946 Main St, NYC,31096.98,[1 items]
412,logan.hernandez918@liveloop.net,Noah Garcia,503 Main St, LA,41101.56,[2 items]
413,lucas.martin639@cloudreach.io,Harper Thomas,267 Main St, NYC,5511.29,[1 items]
414,amelia.martin449@hubmail.io,Evelyn Wilson,421 Main St, NYC,4129.9,[2 items]
415,mia.williams673@silentcrypt.io,Abigail Hernandez,474 Main St, NYC,14402.54,[3 items]
416,john.garcia538@guardpost.io,Emma Martin,989 Main St, NYC,45741.93,[3 items]
417,harper.rodriguez358@quickdrop.email,Jackson Jackson,455 Main St, Chicago,29436.81,[4 items]
418,grace.brown141@inboxr.net,Grace Williams,751 Main St, LA,28865.79,[5 items]
419,jackson.moore438@silentcrypt.io,Emma Williams,60 Main St, LA,22203.44,[3 items]
420,charlotte.williams598@cloudreach.io,Amelia Johnson,75 Main St, NYC,49944.73,[1 items]
421,noah.thomas182@inboxr.net,Mia Anderson,734 Main St, Chicago,4894.38,[3 items]
422,benjamin.lopez583@townmail.net,Noah Jackson,375 Main St, NYC,38461.08,[2 items]
423,james.moore742@quickdrop.email,John Martin,768 Main St, LA,29163.27,[2 items]
424,isabella.brown440@townmail.net,Emma Anderson,201 Main St, Chicago,8786.8,[1 items]
425,emma.moore11@hubmail.io,Aiden Brown,861 Main St, NYC,46725.24,[5 items]
426,abigail.johnson541@liveloop.net,Scarlett Moore,228 Main St, LA,34301.18,[3 items]
427,mia.lopez333@guardpost.io,Amelia Hernandez,177 Main St, Chicago,42716.94,[3 items]
428,charlotte.williams377@liveloop.net,Grace Davis,428 Main St, Chicago,28591.75,[4 items]
429,mason.brown134@quickdrop.email,Lucas Anderson,670 Main St, LA,45079.64,[2 items]
430,scarlett.jackson431@quickdrop.email,Benjamin Jones,908 Main St, NYC,23312.23,[3 items]
431,jackson.garcia735@mailpost.net,Harper Jones,529 Main St, Chicago,30209.67,[4 items]
432,olivia.wilson868@hubmail.io,Isabella Moore,330 Main St, LA,35513.05,[5 items]
433,emma.miller512@quickdrop.email,Scarlett Moore,656 Main St, Chicago,5691.12,[2 items]
434,mason.brown998@mailpost.net,Sophia Johnson,478 Main St, NYC,19479.91,[4 items]
435,benjamin.lopez276@quickdrop.email,Sophia Garcia,185 Main St, NYC,12301.2,[5 items]
436,ava.smith529@townmail.net,Noah Miller,262 Main St, NYC,41088.72,[5 items]
437,liam.martinez660@inboxr.net,Emma Jackson,300 Main St, Chicago,28036.29,[2 items]
438,harper.lopez865@inboxr.net,Grace Taylor,223 Main St, Chicago,34682.75,[1 items]
439,sophia.hernandez239@mailpost.net,Ethan Jones,425 Main St, NYC,31521.89,[2 items]
440,aiden.hernandez654@quickdrop.email,Liam Thomas,869 Main St, NYC,41659.66,[3 items]
441,sophia.miller719@inboxr.net,Daniel Johnson,122 Main St, LA,19208.68,[4 items]
442,aiden.jackson524@guardpost.io,Ella Gonzalez,152 Main St, NYC,40211.63,[5 items]
443,mia.wilson652@hubmail.io,Scarlett Moore,609 Main St, Chicago,3517.59,[3 items]
444,evelyn.smith390@mailpost.net,Lucas Smith,809 Main St, LA,32223.78,[1 items]
445,grace.garcia836@silentcrypt.io,Ethan Hernandez,684 Main St, Chicago,45944.46,[4 items]
446,aiden.martinez500@mailpost.net,Harper Gonzalez,275 Main St, Chicago,49909.72,[3 items]
447,noah.martinez487@inboxr.net,Alexander Brown,6 Main St, NYC,20444.11,[4 items]
448,benjamin.jackson650@hubmail.io,Isabella Moore,561 Main St, NYC,6625.79,[2 items]
449,jackson.miller245@townmail.net,Matthew Rodriguez,963 Main St, NYC,43489.93,[4 items]
450,alexander.smith244@cloudreach.io,Noah Gonzalez,590 Main St, LA,6853.41,[5 items]
451,ethan.rodriguez913@mailpost.net,Aiden Brown,171 Main St, Chicago,34529.1,[3 items]
452,james.taylor3@inboxr.net,Lucas Williams,346 Main St, LA,721.74,[3 items]
453,liam.miller607@townmail.net,Ella Smith,586 Main St, Chicago,48878.43,[5 items]
454,john.johnson47@hubmail.io,James Jones,100 Main St, NYC,23125.15,[1 items]
455,james.moore393@cloudreach.io,John Brown,46 Main St, NYC,38071.71,[5 items]
456,aiden.lopez149@quickdrop.email,John Smith,826 Main St, NYC,36846.06,[4 items]
457,olivia.brown305@hubmail.io,Ella Johnson,917 Main St, Chicago,39235.68,[4 items]
458,liam.taylor632@quickdrop.email,Grace Jackson,34 Main St, LA,35699.09,[2 items]
459,matthew.thomas946@cloudreach.io,Sophia Martinez,683 Main St, NYC,31359.9,[4 items]
460,john.wilson919@inboxr.net,Isabella Davis,542 Main St, NYC,49046.33,[3 items]
461,charlotte.lopez47@guardpost.io,Logan Anderson,538 Main St, NYC,23039.12,[1 items]
462,abigail.jackson80@mailpost.net,Alexander Moore,620 Main St, Chicago,21460.81,[2 items]
463,daniel.rodriguez862@cloudreach.io,Jackson Rodriguez,152 Main St, LA,23217.04,[3 items]
464,matthew.hernandez942@mailpost.net,Benjamin Rodriguez,810 Main St, NYC,38844.59,[3 items]
465,james.moore719@hubmail.io,Noah Anderson,190 Main St, NYC,13870.58,[1 items]
466,evelyn.johnson320@quickdrop.email,Mia Taylor,566 Main St, Chicago,6235.37,[3 items]
467,lucas.johnson441@liveloop.net,John Hernandez,346 Main St, NYC,852.91,[5 items]
468,matthew.jackson603@silentcrypt.io,Ava Martin,632 Main St, Chicago,31627.83,[3 items]
469,emma.anderson174@hubmail.io,Daniel Wilson,421 Main St, NYC,8406.02,[2 items]
470,evelyn.anderson510@guardpost.io,Abigail Thomas,116 Main St, NYC,32133.49,[5 items]
471,ethan.martinez887@guardpost.io,Jackson Gonzalez,989 Main St, Chicago,24797.85,[3 items]
472,charlotte.martinez244@townmail.net,Isabella Gonzalez,54 Main St, Chicago,36343.89,[2 items]
473,john.miller852@hubmail.io,Daniel Smith,823 Main St, Chicago,17724.93,[4 items]
474,aiden.jackson369@inboxr.net,Charlotte Smith,815 Main St, Chicago,8598.28,[5 items]
475,isabella.smith321@quickdrop.email,Charlotte Martinez,783 Main St, LA,22848.98,[2 items]
476,aiden.martin400@quickdrop.email,Abigail Taylor,425 Main St, LA,10152.2,[2 items]
477,liam.hernandez211@mailpost.net,Mia Taylor,925 Main St, NYC,15555.88,[1 items]
478,james.martinez711@mailpost.net,Liam Wilson,709 Main St, NYC,18620.11,[1 items]
479,charlotte.jackson859@hubmail.io,Charlotte Garcia,896 Main St, LA,23574.07,[3 items]
480,charlotte.jones217@townmail.net,Daniel Wilson,797 Main St, Chicago,36449.85,[3 items]
481,abigail.lopez317@hubmail.io,Charlotte Moore,734 Main St, Chicago,4462.37,[5 items]
482,mia.garcia450@inboxr.net,Harper Thomas,228 Main St, Chicago,16994.07,[5 items]
483,aiden.taylor502@inboxr.net,John Rodriguez,982 Main St, Chicago,44065.8,[3 items]
484,james.moore320@cloudreach.io,Daniel Brown,120 Main St, LA,26235.38,[1 items]
485,amelia.anderson74@silentcrypt.io,Ella Martinez,525 Main St, Chicago,15118.26,[1 items]
486,noah.johnson213@liveloop.net,Sophia Hernandez,628 Main St, Chicago,23420.14,[2 items]
487,james.hernandez226@cloudreach.io,Logan Martin,674 Main St, LA,9602.2,[5 items]
488,matthew.taylor209@hubmail.io,Lucas Garcia,389 Main St, NYC,38795.52,[4 items]
489,logan.jones579@cloudreach.io,Benjamin Garcia,141 Main St, Chicago,22164.75,[1 items]
490,ava.martin230@cloudreach.io,Amelia Rodriguez,52 Main St, NYC,45319.07,[3 items]
491,abigail.williams20@mailpost.net,Alexander Anderson,568 Main St, NYC,48133.62,[1 items]
492,john.taylor56@townmail.net,Noah Jackson,403 Main St, LA,1687.72,[5 items]
493,james.taylor483@guardpost.io,Emma Smith,96 Main St, LA,10227.37,[1 items]
494,abigail.taylor644@quickdrop.email,Jackson Anderson,317 Main St, NYC,11537.32,[4 items]
495,amelia.jackson476@guardpost.io,Mia Brown,586 Main St, NYC,3814.16,[5 items]
496,mason.moore187@liveloop.net,Alexander Moore,493 Main St, NYC,39594.92,[5 items]
497,olivia.lopez902@quickdrop.email,Liam Thomas,973 Main St, NYC,49988.4,[4 items]
498,logan.smith345@mailpost.net,Olivia Wilson,122 Main St, LA,27491.37,[1 items]
499,noah.rodriguez137@guardpost.io,Alexander Rodriguez,528 Main St, NYC,32997.74,[2 items]
500,lucas.moore502@townmail.net,Emma Garcia,195 Main St, Chicago,10437.41,[1 items]
