reservation_id,guest_name,email,phone,hotel,checkin,checkout,cc_last4
1,James Hernandez,mia.martinez581@liveloop.net,+842016780623,Accor #633,2024-12-26,2024-09-20,7624
2,Amelia Williams,ella.hernandez365@hubmail.io,+99588313253,Hilton #164,2025-12-12,2025-01-23,4976
3,Isabella Garcia,daniel.martinez397@cloudreach.io,+83620581858,Marriott #205,2024-01-19,2024-07-27,3818
4,Olivia Gonzalez,emma.johnson842@relay365.net,+577576981131,Hilton #415,2023-04-05,2024-04-02,3655
5,Abigail Rodriguez,aiden.hernandez562@quickdrop.email,+147372697870,Hilton #746,2026-05-24,2026-09-18,7781
6,Jackson Moore,matthew.gonzalez210@hubmail.io,+11212879138,Hilton #813,2025-07-09,2024-05-09,7481
7,Lucas Anderson,amelia.thomas596@mailpost.net,+608869132836,Accor #982,2023-09-04,2025-11-12,1973
8,Aiden Hernandez,benjamin.rodriguez286@inboxr.net,+26484775770,Hilton #478,2023-11-13,2026-11-25,4457
9,Emma Davis,john.martin649@townmail.net,+177307470382,Hilton #541,2025-04-17,2026-05-15,9758
10,Emma Jones,grace.jackson454@silentcrypt.io,+822567520663,Hilton #238,2023-02-20,2023-10-27,5353
11,Benjamin Brown,olivia.rodriguez68@mailpost.net,+827481036250,Marriott #117,2026-12-25,2024-10-02,2151
12,Daniel Jones,amelia.miller524@silentcrypt.io,+211309519241,Hilton #432,2023-01-26,2025-01-19,3026
13,Liam Gonzalez,grace.lopez105@liveloop.net,+651406689487,Marriott #652,2025-07-15,2025-06-24,9690
14,Emma Moore,alexander.miller198@hubmail.io,+203992697193,Marriott #611,2025-08-09,2024-08-21,8383
15,John Miller,grace.garcia839@silentcrypt.io,+255643183119,Marriott #949,2024-08-03,2025-11-21,6761
16,Ava Lopez,ella.taylor48@liveloop.net,+286749815383,Hilton #298,2025-08-08,2026-07-17,5395
17,Lucas Gonzalez,noah.hernandez238@cloudreach.io,+782499354678,Marriott #586,2023-03-06,2025-12-02,2734
18,Alexander Thomas,logan.miller560@liveloop.net,+67581739263,Accor #744,2025-09-28,2025-06-09,7178
19,Olivia Taylor,alexander.jackson242@quickdrop.email,+415571858387,Marriott #646,2025-07-02,2026-03-03,3723
20,Aiden Smith,ava.moore62@cloudreach.io,+15551447817,Marriott #980,2024-07-12,2023-04-02,1336
21,Olivia Wilson,alexander.anderson173@liveloop.net,+286270204178,Marriott #176,2024-08-15,2026-04-21,7221
22,Daniel Williams,alexander.miller995@hubmail.io,+74744896641,Accor #571,2024-01-17,2023-05-22,6382
23,Charlotte Garcia,olivia.hernandez299@silentcrypt.io,+18059006192,Marriott #376,2023-04-10,2026-12-12,6989
24,Mason Lopez,logan.rodriguez185@silentcrypt.io,+952146020209,Accor #377,2024-09-11,2026-05-01,5406
25,Liam Brown,amelia.martinez202@quickdrop.email,+279809207340,Accor #101,2023-05-17,2025-09-18,8400
26,Ethan Gonzalez,noah.johnson270@inboxr.net,+664915799792,Marriott #505,2026-05-17,2023-09-24,4262
27,Noah Martin,amelia.johnson667@relay365.net,+34209558938,Accor #963,2026-07-10,2025-06-19,1964
28,Emma Taylor,abigail.jones38@liveloop.net,+725824563330,Hilton #355,2025-01-09,2026-07-12,1646
29,Olivia Moore,sophia.hernandez387@silentcrypt.io,+26708028361,Marriott #739,2025-05-26,2026-04-23,2022
30,Harper Rodriguez,lucas.jackson967@hubmail.io,+797085851250,Hilton #904,2025-05-12,2024-01-17,2069
31,James Anderson,sophia.garcia224@inboxr.net,+33662901583,Hilton #761,2024-05-13,2026-04-22,2525
32,John Jones,jackson.jones547@hubmail.io,+461847421969,Accor #510,2025-12-21,2025-01-16,2462
33,Logan Williams,abigail.gonzalez680@hubmail.io,+957192702469,Accor #320,2024-08-21,2025-10-23,3448
34,Benjamin Wilson,james.miller439@cloudreach.io,+71866950588,Marriott #893,2026-10-26,2023-04-16,1794
35,Ethan Davis,emma.garcia477@guardpost.io,+847517456452,Accor #960,2025-03-25,2023-05-14,5112
36,Mason Gonzalez,mason.miller254@townmail.net,+384509050624,Accor #390,2025-07-22,2026-06-18,3410
37,Ethan Garcia,olivia.thomas120@hubmail.io,+933690423583,Accor #466,2023-07-27,2025-06-09,8893
38,Amelia Rodriguez,alexander.gonzalez715@inboxr.net,+473258889670,Marriott #136,2023-09-13,2026-04-13,6436
39,Olivia Johnson,james.garcia120@quickdrop.email,+959698781966,Accor #316,2023-03-10,2023-12-16,7165
40,Mia Lopez,amelia.hernandez405@relay365.net,+73186637151,Hilton #779,2025-04-27,2026-06-08,1380
41,Grace Moore,scarlett.anderson466@inboxr.net,+249545517701,Hilton #792,2025-05-26,2026-02-04,2562
42,James Miller,harper.johnson146@quickdrop.email,+46727142973,Accor #459,2023-02-07,2025-05-01,7182
43,Abigail Martinez,benjamin.garcia694@quickdrop.email,+939741013170,Accor #871,2023-12-27,2023-08-05,8614
44,Liam Hernandez,harper.garcia684@hubmail.io,+389458719416,Accor #176,2024-11-14,2025-09-12,1894
45,Mia Johnson,isabella.martinez685@liveloop.net,+492920852517,Marriott #277,2026-03-19,2023-05-23,1335
46,Mason Smith,charlotte.lopez735@mailpost.net,+307891106059,Accor #722,2023-09-19,2023-01-21,9517
47,Mia Thomas,james.thomas120@hubmail.io,+242748420751,Marriott #597,2024-01-11,2024-10-15,3931
48,Isabella Lopez,isabella.johnson349@hubmail.io,+192228765062,Hilton #148,2025-03-06,2024-10-25,1670
49,Emma Martinez,lucas.martinez554@mailpost.net,+781190891089,Accor #688,2026-02-11,2026-02-03,5301
50,Harper Jackson,mason.moore752@guardpost.io,+317285458641,Hilton #765,2023-10-22,2023-10-26,2312
51,Jackson Davis,mason.smith824@inboxr.net,+121616730475,Marriott #701,2024-12-15,2026-04-02,1373
52,Jackson Anderson,grace.jackson683@mailpost.net,+428571581340,Marriott #876,2023-11-21,2023-10-18,1348
53,Lucas Anderson,evelyn.smith99@silentcrypt.io,+445202248641,Hilton #442,2023-01-04,2024-03-04,1948
54,Jackson Gonzalez,aiden.jackson345@liveloop.net,+76967856879,Hilton #906,2023-07-22,2024-04-13,6766
55,Amelia Jackson,scarlett.thomas579@townmail.net,+292775587034,Hilton #130,2025-10-16,2025-08-04,4903
56,Evelyn Moore,lucas.rodriguez961@quickdrop.email,+638256254129,Accor #307,2025-06-05,2024-07-23,1172
57,Mason Jones,charlotte.taylor768@liveloop.net,+456253630561,Accor #815,2025-07-03,2023-03-26,8725
58,Alexander Moore,mia.lopez28@mailpost.net,+71021059669,Accor #184,2024-06-20,2023-05-09,3703
59,Matthew Jackson,amelia.martinez548@hubmail.io,+911621827400,Marriott #884,2025-01-21,2024-07-20,8028
60,Abigail Wilson,aiden.williams40@quickdrop.email,+714412519882,Marriott #877,2024-10-06,2026-06-28,7468
61,Lucas Gonzalez,ethan.wilson319@hubmail.io,+799950593762,Accor #859,2023-05-25,2025-02-09,8112
62,Olivia Johnson,charlotte.davis273@liveloop.net,+99386870032,Hilton #601,2026-06-26,2026-05-13,3891
63,Matthew Garcia,mia.wilson735@guardpost.io,+62086113358,Marriott #862,2024-06-14,2024-01-16,5217
64,Logan Garcia,lucas.gonzalez146@hubmail.io,+947005578577,Hilton #221,2024-01-05,2023-04-01,5716
65,Noah Smith,ethan.johnson812@liveloop.net,+816266922745,Accor #899,2024-06-03,2023-09-03,4573
66,Charlotte Smith,grace.hernandez527@hubmail.io,+155983213829,Marriott #581,2026-01-23,2024-09-20,4086
67,Amelia Thomas,isabella.jackson942@quickdrop.email,+81648308723,Hilton #290,2025-05-27,2026-09-09,7755
68,Ethan Taylor,scarlett.rodriguez632@townmail.net,+46586339302,Hilton #985,2025-01-04,2026-09-14,3990
69,Mia Wilson,noah.thomas271@liveloop.net,+584036457595,Marriott #761,2025-05-27,2025-08-28,1877
70,Scarlett Martin,jackson.jones635@quickdrop.email,+429650476778,Hilton #444,2025-03-16,2023-01-26,1725
71,Olivia Smith,amelia.anderson989@relay365.net,+328081533956,Hilton #110,2026-07-21,2026-05-08,8428
72,Alexander Gonzalez,isabella.smith760@liveloop.net,+319602242428,Accor #434,2025-01-05,2024-01-27,8998
73,Charlotte Smith,grace.smith496@quickdrop.email,+219005725526,Marriott #815,2023-08-13,2026-11-04,8791
74,James Rodriguez,alexander.garcia754@hubmail.io,+312416156250,Marriott #148,2025-12-15,2023-01-05,2955
75,Aiden Johnson,abigail.jackson990@townmail.net,+51245510287,Marriott #229,2025-10-09,2026-02-02,9899
76,Ethan Lopez,charlotte.gonzalez812@quickdrop.email,+54295162965,Accor #713,2025-04-08,2026-10-17,2222
77,John Thomas,scarlett.jackson454@townmail.net,+565963698200,Hilton #314,2023-02-23,2023-07-08,3056
78,Emma Garcia,isabella.martinez182@townmail.net,+11805447600,Hilton #272,2024-03-17,2023-06-05,7198
79,Mason Hernandez,grace.jones636@townmail.net,+93648118327,Accor #159,2023-12-15,2024-08-12,2794
80,James Davis,noah.martinez812@mailpost.net,+123515071265,Hilton #415,2026-05-15,2025-08-08,6579
81,Logan Davis,noah.thomas329@guardpost.io,+409392572304,Marriott #685,2025-08-24,2025-11-28,5080
82,Aiden Williams,aiden.martinez630@guardpost.io,+643948245875,Accor #560,2023-12-22,2023-10-20,8393
83,Jackson Brown,ava.davis251@mailpost.net,+571809148619,Marriott #606,2023-02-24,2025-02-24,6501
84,Jackson Martin,ethan.johnson529@relay365.net,+488529970208,Hilton #725,2024-01-11,2026-02-23,1743
85,Lucas Thomas,noah.williams788@mailpost.net,+751730526784,Accor #621,2024-11-25,2024-02-23,8432
86,Isabella Jackson,mia.jackson972@hubmail.io,+264478675334,Accor #611,2026-06-08,2023-12-04,1533
87,Aiden Taylor,charlotte.rodriguez257@hubmail.io,+969069346273,Hilton #294,2025-02-17,2026-06-03,3078
88,Ethan Rodriguez,isabella.gonzalez107@liveloop.net,+53146304482,Hilton #603,2024-11-06,2024-02-20,5468
89,Ethan Johnson,grace.davis222@guardpost.io,+609567248277,Marriott #954,2026-02-14,2023-08-27,1947
90,Daniel Moore,jackson.jackson651@cloudreach.io,+731548703646,Marriott #901,2025-01-18,2024-03-27,3148
91,Liam Jones,evelyn.garcia233@silentcrypt.io,+733288271486,Hilton #347,2025-01-22,2024-11-19,6337
92,Grace Martinez,evelyn.rodriguez502@quickdrop.email,+915340033004,Hilton #741,2024-02-02,2023-11-16,7076
93,John Miller,sophia.martin845@guardpost.io,+847345170216,Marriott #579,2023-06-25,2025-01-20,7393
94,Amelia Jackson,grace.davis698@townmail.net,+383721085952,Accor #804,2025-04-16,2025-02-20,6837
95,Evelyn Jones,daniel.gonzalez188@inboxr.net,+388562238026,Hilton #447,2026-06-06,2026-11-10,7304
96,Abigail Davis,mason.martin831@mailpost.net,+288730129453,Hilton #926,2024-10-11,2025-03-04,8610
97,Amelia Davis,ethan.thomas987@townmail.net,+461266451681,Accor #150,2025-02-25,2023-04-20,2031
98,Harper Moore,olivia.miller510@cloudreach.io,+151518504340,Marriott #108,2023-01-23,2023-12-02,4230
99,Daniel Martinez,isabella.jones714@cloudreach.io,+415216137755,Accor #131,2024-08-04,2025-12-26,1237
100,Scarlett Garcia,harper.johnson105@mailpost.net,+669599557111,Hilton #471,2026-06-04,2026-10-01,6178
101,Sophia Lopez,alexander.johnson908@relay365.net,+494573426990,Marriott #603,2025-11-28,2025-08-20,8596
102,Abigail Johnson,aiden.garcia181@relay365.net,+444147978232,Marriott #323,2023-04-01,2023-05-28,9880
103,Emma Gonzalez,benjamin.moore397@mailpost.net,+945491053036,Marriott #511,2023-11-26,2026-02-13,7242
104,Aiden Lopez,emma.lopez437@liveloop.net,+503976197083,Marriott #752,2025-09-04,2025-11-25,7032
105,James Jackson,emma.davis803@mailpost.net,+364637241852,Marriott #221,2024-01-05,2023-04-09,8292
106,Charlotte Williams,lucas.rodriguez521@inboxr.net,+695138596962,Accor #210,2024-05-28,2026-12-14,6322
107,Ava Johnson,abigail.hernandez206@silentcrypt.io,+383100650989,Marriott #389,2026-02-28,2025-02-14,6621
108,Ella Smith,scarlett.garcia21@silentcrypt.io,+646917816019,Hilton #306,2023-01-23,2026-10-25,5619
109,Grace Wilson,mason.brown496@silentcrypt.io,+653346529171,Marriott #953,2025-12-27,2023-05-12,6076
110,Evelyn Lopez,jackson.johnson124@townmail.net,+61453358097,Accor #162,2025-04-12,2026-04-07,3466
111,Isabella Anderson,harper.taylor18@quickdrop.email,+84358508759,Marriott #904,2023-12-05,2026-10-27,2141
112,Logan Thomas,sophia.jackson3@mailpost.net,+28909616215,Hilton #351,2023-12-10,2025-11-28,4643
113,Lucas Garcia,liam.jackson222@liveloop.net,+836464302032,Accor #718,2023-08-16,2023-06-18,9342
114,Olivia Lopez,lucas.jackson980@hubmail.io,+922646464751,Marriott #675,2024-03-18,2025-12-26,4282
115,Abigail Taylor,liam.jones840@guardpost.io,+605606466878,Accor #767,2023-12-10,2026-03-28,9544
116,Liam Wilson,ella.davis309@cloudreach.io,+831413407110,Marriott #874,2023-02-23,2025-07-12,1927
117,Sophia Rodriguez,mason.martin516@quickdrop.email,+313637996554,Hilton #440,2026-12-27,2026-02-15,2018
118,Charlotte Thomas,harper.smith270@guardpost.io,+181842572200,Marriott #544,2023-07-15,2024-10-17,2069
119,Isabella Davis,ethan.garcia697@guardpost.io,+897528677266,Accor #999,2025-03-11,2025-04-20,2511
120,Benjamin Hernandez,alexander.garcia786@guardpost.io,+455465180287,Marriott #234,2023-08-10,2025-06-14,7063
121,Isabella Martin,noah.lopez887@mailpost.net,+434158874641,Hilton #443,2024-12-03,2025-04-21,2666
122,Benjamin Johnson,mia.anderson295@guardpost.io,+927802364498,Marriott #194,2024-09-20,2026-06-25,5858
123,Scarlett Williams,liam.garcia486@liveloop.net,+109640549093,Marriott #111,2025-10-28,2026-09-26,3437
124,Liam Martin,evelyn.davis259@townmail.net,+728706476229,Accor #832,2023-10-01,2023-03-26,3984
125,Ella Jones,matthew.miller445@hubmail.io,+785110796709,Accor #981,2023-10-11,2026-02-20,5630
126,Isabella Martinez,abigail.hernandez397@guardpost.io,+331935066725,Marriott #928,2024-12-01,2026-03-23,4022
127,Ella Taylor,john.jones457@townmail.net,+258030278984,Hilton #663,2026-03-17,2025-08-04,9539
128,Grace Rodriguez,john.williams851@liveloop.net,+39620835241,Hilton #787,2023-06-13,2026-09-14,4687
129,Liam Moore,emma.wilson176@silentcrypt.io,+71805814850,Marriott #610,2024-07-16,2023-10-07,8669
130,John Lopez,lucas.moore49@guardpost.io,+779542792972,Marriott #435,2024-03-23,2025-07-01,4819
131,James Miller,scarlett.rodriguez207@townmail.net,+545520566487,Accor #819,2026-08-03,2024-04-17,7029
132,Daniel Taylor,grace.wilson33@cloudreach.io,+797741620106,Hilton #373,2026-01-20,2024-05-19,2189
133,Amelia Hernandez,alexander.garcia93@quickdrop.email,+133461610609,Accor #566,2026-02-14,2026-04-17,9624
134,Olivia Brown,logan.moore304@silentcrypt.io,+52478420768,Marriott #242,2026-04-12,2023-10-03,1649
135,Benjamin Gonzalez,daniel.jackson112@inboxr.net,+213511324048,Accor #288,2024-06-17,2026-12-11,2817
136,Evelyn Martinez,jackson.taylor836@mailpost.net,+521981286291,Marriott #372,2024-09-03,2024-07-18,8029
137,Olivia Rodriguez,mason.anderson682@inboxr.net,+484147840599,Hilton #546,2026-07-04,2025-09-15,3201
138,Jackson Wilson,evelyn.johnson365@townmail.net,+239859248949,Marriott #156,2026-04-28,2023-09-28,2259
139,Liam Martin,matthew.taylor152@cloudreach.io,+422116627045,Hilton #890,2023-08-14,2024-03-22,6416
140,Matthew Lopez,benjamin.brown108@relay365.net,+759843826933,Hilton #848,2023-01-15,2025-03-07,4115
141,Olivia Williams,amelia.rodriguez563@hubmail.io,+665054701973,Marriott #546,2023-12-25,2023-02-11,5555
142,Isabella Moore,scarlett.thomas408@inboxr.net,+79175206212,Marriott #457,2024-02-27,2025-05-27,4199
143,Noah Jones,matthew.miller875@hubmail.io,+425124961130,Hilton #559,2023-01-06,2024-08-02,6139
144,Scarlett Rodriguez,aiden.wilson754@liveloop.net,+218609565166,Marriott #565,2024-02-04,2024-05-03,7564
145,Lucas Martin,lucas.garcia964@cloudreach.io,+2495823594,Marriott #573,2025-10-21,2023-02-14,4195
146,Lucas Brown,charlotte.jones640@townmail.net,+952770486529,Accor #183,2023-04-21,2026-08-01,1605
147,Aiden Jones,isabella.thomas751@hubmail.io,+865259275383,Marriott #688,2024-12-28,2025-09-26,1688
148,Jackson Moore,matthew.anderson215@inboxr.net,+733329232809,Accor #958,2025-12-14,2025-01-11,1042
149,Olivia Martinez,mia.rodriguez94@mailpost.net,+983398669144,Marriott #490,2025-07-10,2025-09-23,4179
150,Charlotte Jackson,ella.taylor107@quickdrop.email,+614065932350,Marriott #234,2024-01-04,2023-04-25,3228
151,John Davis,ethan.wilson747@silentcrypt.io,+901310002294,Hilton #475,2025-09-19,2023-05-11,1957
152,Matthew Anderson,ella.smith976@relay365.net,+957182491795,Accor #437,2026-10-17,2023-09-12,3466
153,Ella Taylor,olivia.martin95@cloudreach.io,+57324016550,Accor #647,2023-08-04,2023-04-19,2417
154,Jackson Anderson,alexander.smith538@mailpost.net,+65557744199,Marriott #213,2025-11-23,2023-12-21,1074
155,Mason Hernandez,ethan.gonzalez708@cloudreach.io,+17286938323,Accor #303,2025-04-09,2023-02-03,3881
156,James Moore,harper.taylor112@guardpost.io,+479934785013,Hilton #655,2025-12-04,2023-07-21,3199
157,Isabella Thomas,grace.smith660@silentcrypt.io,+936501244445,Marriott #783,2024-05-12,2026-04-10,7141
158,Emma Taylor,matthew.hernandez305@hubmail.io,+326040570793,Marriott #727,2026-08-08,2024-11-24,4715
159,Lucas Lopez,james.johnson540@liveloop.net,+62190710201,Hilton #697,2024-03-17,2025-01-01,6917
160,Emma Williams,aiden.garcia230@liveloop.net,+735401547062,Hilton #444,2025-05-22,2026-11-21,7701
161,Isabella Smith,daniel.hernandez394@liveloop.net,+884963435748,Marriott #833,2024-08-02,2025-06-16,8100
162,Mason Smith,olivia.brown914@cloudreach.io,+968031194246,Accor #318,2026-01-06,2023-06-21,9076
163,Noah Gonzalez,aiden.moore14@relay365.net,+958171025057,Hilton #424,2025-12-07,2024-06-24,6017
164,Ava Brown,logan.garcia447@mailpost.net,+11417001152,Hilton #938,2025-01-16,2024-11-26,6930
165,Evelyn Taylor,ethan.wilson417@guardpost.io,+145736024533,Hilton #568,2026-03-26,2024-12-28,4418
166,Benjamin Davis,ava.anderson490@silentcrypt.io,+48609407972,Hilton #931,2026-12-27,2025-08-23,5660
167,Logan Moore,isabella.thomas167@mailpost.net,+253051519544,Hilton #923,2024-05-23,2025-09-19,4544
168,Amelia Jackson,daniel.brown36@mailpost.net,+891792458714,Marriott #631,2026-03-02,2024-11-04,8974
169,Ella Rodriguez,john.davis261@relay365.net,+637205378072,Marriott #653,2026-03-23,2025-02-02,3878
170,Abigail Johnson,ava.davis418@inboxr.net,+54241258658,Marriott #794,2023-04-18,2025-04-18,7080
171,Ava Smith,matthew.taylor136@mailpost.net,+195974993078,Hilton #813,2026-02-12,2023-11-26,5921
172,Abigail Gonzalez,sophia.gonzalez883@cloudreach.io,+667942512728,Hilton #313,2026-12-19,2024-04-08,3786
173,Amelia Garcia,amelia.anderson889@townmail.net,+812176631748,Hilton #159,2023-01-06,2026-06-28,4258
174,Liam Martinez,noah.jackson485@mailpost.net,+419572195626,Hilton #746,2025-05-19,2023-01-02,5191
175,Abigail Thomas,matthew.moore366@mailpost.net,+48463546109,Accor #225,2026-04-27,2023-03-28,6337
176,Grace Hernandez,james.martin832@hubmail.io,+423675406961,Marriott #723,2024-04-13,2025-04-22,7787
177,Harper Davis,grace.davis231@mailpost.net,+101285993896,Marriott #290,2025-11-16,2023-06-02,3362
178,Liam Johnson,noah.wilson859@liveloop.net,+15371017091,Hilton #309,2026-05-09,2025-11-02,1387
179,John Wilson,daniel.garcia227@guardpost.io,+498763780410,Marriott #752,2026-10-22,2025-03-20,8535
180,Logan Smith,john.williams435@liveloop.net,+557164339978,Hilton #233,2023-11-03,2025-12-25,1099
181,Ethan Thomas,aiden.brown905@hubmail.io,+19406472632,Accor #881,2025-11-21,2023-09-18,1451
182,Harper Martinez,daniel.lopez410@guardpost.io,+988798697161,Hilton #797,2025-02-25,2024-01-16,1269
183,Olivia Miller,alexander.jackson583@quickdrop.email,+178975169947,Marriott #612,2025-07-23,2026-08-24,2901
184,Olivia Thomas,aiden.johnson923@quickdrop.email,+578343590384,Accor #706,2026-02-19,2023-12-24,6788
185,Ava Garcia,james.williams370@hubmail.io,+909280564678,Accor #969,2023-04-18,2026-08-21,8254
186,Matthew Jackson,matthew.jackson105@inboxr.net,+152698487187,Hilton #833,2024-11-10,2024-10-09,3677
187,Aiden Lopez,grace.brown628@hubmail.io,+324757024854,Hilton #515,2026-08-25,2024-04-07,6910
188,Isabella Jackson,abigail.martin181@liveloop.net,+472306012970,Hilton #310,2024-12-14,2025-12-08,6869
189,James Gonzalez,scarlett.johnson952@cloudreach.io,+56900348686,Marriott #784,2026-03-01,2023-09-14,5230
190,Scarlett Davis,jackson.moore319@inboxr.net,+932115486994,Marriott #236,2025-04-14,2023-07-23,8680
191,Benjamin Moore,liam.johnson167@townmail.net,+719028659830,Hilton #791,2024-05-15,2023-09-14,5165
192,Grace Johnson,alexander.jones702@hubmail.io,+661804154137,Accor #844,2023-11-25,2026-12-04,7663
193,Olivia Thomas,mason.anderson929@liveloop.net,+696313349070,Marriott #190,2026-04-21,2025-05-18,2124
194,Scarlett Jackson,ava.smith479@mailpost.net,+34114624942,Marriott #594,2025-07-14,2023-10-09,2957
195,Benjamin Moore,matthew.rodriguez296@quickdrop.email,+94350448487,Accor #275,2023-05-17,2026-11-05,3164
196,Harper Smith,james.taylor267@liveloop.net,+532333514606,Accor #891,2024-12-15,2024-12-18,1059
197,Ava Gonzalez,mason.rodriguez980@mailpost.net,+673465766806,Accor #223,2023-12-15,2025-06-08,4671
198,Charlotte Miller,olivia.davis765@liveloop.net,+518156920447,Hilton #367,2024-05-15,2025-01-20,3529
199,Ethan Garcia,scarlett.gonzalez808@silentcrypt.io,+605418189298,Accor #898,2024-05-10,2026-10-01,2336
200,Amelia Rodriguez,scarlett.taylor965@guardpost.io,+654681825770,Hilton #658,2023-09-12,2025-07-11,1632
201,Aiden Thomas,ethan.taylor467@silentcrypt.io,+699928691128,Marriott #364,2024-12-21,2026-03-02,8864
202,Mia Jones,alexander.brown574@liveloop.net,+794132374991,Marriott #409,2026-01-19,2026-07-21,8262
203,Grace Gonzalez,aiden.lopez556@hubmail.io,+179110098185,Marriott #158,2025-09-21,2026-02-01,3036
204,Isabella Brown,charlotte.martin522@cloudreach.io,+546221003141,Accor #254,2025-07-14,2024-09-28,3320
205,John Brown,abigail.taylor589@liveloop.net,+812625696904,Marriott #265,2023-03-27,2025-02-16,1888
206,Alexander Williams,liam.martin645@liveloop.net,+942373566321,Hilton #195,2023-01-05,2023-03-15,9138
207,Ella Martin,aiden.taylor474@silentcrypt.io,+199715386641,Hilton #436,2024-06-02,2026-12-18,7255
208,Noah Anderson,noah.moore793@hubmail.io,+411835738948,Accor #832,2024-10-04,2024-08-20,3978
209,Charlotte Garcia,abigail.martinez303@quickdrop.email,+311753892690,Accor #699,2024-10-17,2024-10-16,9170
210,Harper Garcia,daniel.miller707@guardpost.io,+95651342572,Hilton #298,2023-01-23,2025-09-19,4417
211,Logan Hernandez,isabella.anderson554@quickdrop.email,+393769771099,Hilton #880,2026-10-04,2025-08-22,1558
212,Mason Lopez,mia.taylor791@silentcrypt.io,+874142661046,Marriott #974,2026-11-10,2025-08-06,9423
213,Amelia Hernandez,ava.hernandez934@silentcrypt.io,+714284843096,Hilton #163,2023-07-23,2024-08-18,4353
214,Harper Johnson,daniel.martinez155@guardpost.io,+991006764359,Marriott #676,2025-09-04,2023-03-07,4663
215,Ella Jackson,aiden.williams374@hubmail.io,+815417153837,Marriott #752,2024-06-17,2026-02-15,7240
216,Ella Rodriguez,mason.jones212@cloudreach.io,+156623247855,Accor #347,2025-06-11,2023-09-08,5245
217,Sophia Gonzalez,abigail.wilson439@relay365.net,+496573678941,Marriott #567,2024-07-05,2024-08-06,6032
218,Amelia Gonzalez,olivia.jackson148@guardpost.io,+203831954928,Accor #848,2023-06-08,2025-08-23,5174
219,Liam Thomas,jackson.davis282@guardpost.io,+814274459789,Hilton #856,2025-10-24,2023-04-20,7831
220,Logan Miller,amelia.thomas133@mailpost.net,+104971865969,Accor #832,2024-10-07,2024-06-22,3645
221,Mia Miller,john.hernandez446@quickdrop.email,+988968402361,Hilton #944,2025-12-10,2024-09-15,7658
222,Aiden Davis,mia.lopez625@cloudreach.io,+232392765112,Hilton #720,2025-05-17,2024-05-03,9852
223,Alexander Rodriguez,abigail.martin625@quickdrop.email,+479280857434,Accor #715,2026-02-08,2025-03-27,6552
224,Liam Miller,ethan.jackson121@hubmail.io,+412077241816,Accor #722,2023-10-28,2025-12-18,7471
225,Jackson Garcia,alexander.garcia587@quickdrop.email,+303371772122,Hilton #467,2026-01-01,2025-11-24,6103
226,Liam Anderson,sophia.rodriguez101@cloudreach.io,+858186551037,Accor #372,2024-06-02,2025-02-02,1925
227,Sophia Hernandez,ava.brown728@townmail.net,+16411904429,Accor #896,2025-03-18,2026-12-19,4099
228,John Davis,logan.thomas75@townmail.net,+988221488082,Accor #993,2023-06-19,2023-02-25,7670
229,Mason Brown,mason.hernandez712@relay365.net,+963773134473,Hilton #222,2023-04-16,2024-01-17,6270
230,Benjamin Moore,harper.williams47@relay365.net,+346458748428,Accor #341,2025-04-02,2025-03-23,1900
231,Olivia Gonzalez,emma.gonzalez289@relay365.net,+415412069588,Accor #463,2023-10-23,2025-03-28,2863
232,Scarlett Lopez,jackson.anderson452@silentcrypt.io,+967696512351,Marriott #618,2026-03-14,2024-07-18,8708
233,James Thomas,isabella.miller523@mailpost.net,+814771368690,Accor #138,2025-12-15,2026-04-04,9403
234,Abigail Lopez,olivia.garcia399@guardpost.io,+35802980901,Accor #773,2024-06-24,2024-07-06,2394
235,Scarlett Jones,amelia.martinez515@inboxr.net,+654705666952,Hilton #337,2024-04-23,2025-06-14,6277
236,Grace Gonzalez,ella.davis930@liveloop.net,+69228076131,Marriott #747,2025-11-11,2025-06-25,4596
237,Amelia Johnson,isabella.wilson275@mailpost.net,+629993666775,Hilton #794,2024-09-13,2023-04-06,5830
238,Benjamin Thomas,ava.davis365@townmail.net,+403562426095,Marriott #420,2026-08-23,2025-03-01,3540
239,Daniel Lopez,evelyn.rodriguez558@guardpost.io,+784095310664,Hilton #164,2023-06-13,2024-01-28,8849
240,Aiden Jones,abigail.miller492@hubmail.io,+642220979998,Marriott #720,2026-10-05,2023-09-26,3240
241,Alexander Anderson,logan.martin161@hubmail.io,+94691607519,Accor #646,2024-03-20,2026-02-20,2062
242,Liam Garcia,daniel.jackson831@relay365.net,+855449716057,Marriott #430,2024-09-10,2023-07-21,4511
243,Abigail Hernandez,ethan.williams367@cloudreach.io,+159400950471,Hilton #586,2024-03-19,2023-07-26,4891
244,Alexander Garcia,lucas.garcia444@townmail.net,+958672578617,Marriott #646,2023-06-20,2023-06-23,8616
245,Benjamin Martinez,logan.lopez129@liveloop.net,+282841502819,Accor #346,2025-09-23,2026-05-20,5613
246,Scarlett Miller,ava.miller526@mailpost.net,+48115468521,Accor #442,2023-08-20,2024-08-03,9068
247,James Wilson,scarlett.lopez495@liveloop.net,+834929840716,Marriott #343,2025-12-28,2025-06-15,2781
248,John Hernandez,aiden.williams472@guardpost.io,+637320899176,Accor #449,2024-11-08,2023-03-15,1420
249,Grace Williams,grace.jones60@guardpost.io,+76329333006,Accor #822,2025-01-17,2026-03-17,6042
250,Benjamin Jackson,logan.garcia391@liveloop.net,+51013216581,Accor #212,2026-12-05,2026-07-02,7659
251,Aiden Hernandez,john.hernandez151@mailpost.net,+91933859446,Marriott #430,2023-11-02,2025-09-04,6439
252,Ethan Garcia,john.thomas534@relay365.net,+433076405711,Accor #184,2025-03-28,2025-10-01,5002
253,Alexander Davis,ella.johnson375@liveloop.net,+323949057490,Marriott #158,2024-06-21,2026-01-01,2800
254,Daniel Gonzalez,mason.thomas357@silentcrypt.io,+955212225080,Marriott #983,2025-08-28,2023-05-24,4572
255,Grace Jones,logan.wilson695@quickdrop.email,+272311251357,Marriott #749,2023-05-19,2023-05-21,4037
256,Sophia Miller,benjamin.taylor174@quickdrop.email,+587713275303,Hilton #418,2023-05-14,2025-10-27,1042
257,Aiden Johnson,mia.wilson203@hubmail.io,+684839873726,Hilton #925,2026-09-26,2025-11-07,4185
258,Lucas Garcia,ethan.davis3@cloudreach.io,+676736413077,Hilton #870,2026-05-07,2025-10-28,6947
259,Scarlett Thomas,lucas.gonzalez608@mailpost.net,+207846321692,Accor #268,2026-08-01,2025-04-27,9079
260,Abigail Martinez,john.rodriguez399@guardpost.io,+64548394735,Hilton #819,2023-01-12,2024-09-22,1504
261,Jackson Jackson,alexander.brown127@inboxr.net,+431845263238,Accor #615,2024-08-17,2023-10-10,4521
262,Noah Lopez,isabella.martinez646@liveloop.net,+161226077980,Hilton #904,2026-08-05,2025-09-20,4799
263,Lucas Martin,james.hernandez402@liveloop.net,+30423241980,Marriott #711,2026-04-13,2025-09-17,4514
264,Noah Hernandez,alexander.taylor862@quickdrop.email,+801623426947,Hilton #187,2023-05-05,2026-07-04,8893
265,Olivia Hernandez,noah.thomas252@guardpost.io,+128645337533,Hilton #872,2023-05-02,2026-10-22,9548
266,Ava Smith,emma.davis358@cloudreach.io,+2428041173,Hilton #511,2024-09-18,2026-12-17,5182
267,Ella Martin,amelia.moore994@quickdrop.email,+936102749169,Accor #827,2025-05-23,2026-02-10,2099
268,Ella Thomas,abigail.williams703@liveloop.net,+968307177633,Hilton #213,2025-05-18,2026-04-12,1724
269,Evelyn Garcia,sophia.lopez370@guardpost.io,+193566867406,Accor #994,2026-01-01,2024-04-20,8313
270,Jackson Anderson,james.hernandez67@inboxr.net,+571439599379,Accor #253,2026-12-23,2024-07-19,7110
271,Charlotte Gonzalez,daniel.moore726@cloudreach.io,+381401193915,Accor #285,2024-08-13,2024-01-08,7818
272,James Jackson,jackson.jones966@relay365.net,+525507133996,Hilton #340,2023-07-03,2026-02-17,9241
273,Lucas Lopez,benjamin.anderson685@guardpost.io,+381216262319,Marriott #461,2026-05-01,2023-02-22,3508
274,James Hernandez,mason.jackson448@silentcrypt.io,+616381503188,Accor #191,2023-08-02,2026-05-13,8957
275,Ethan Taylor,evelyn.davis570@townmail.net,+163165725981,Accor #805,2023-11-06,2023-12-08,5257
276,Abigail Brown,alexander.jackson830@liveloop.net,+308376640532,Hilton #406,2026-04-01,2025-08-06,6401
277,Jackson Rodriguez,ava.martin105@inboxr.net,+151088804610,Hilton #254,2024-10-10,2024-07-16,3102
278,Mason Anderson,noah.miller896@relay365.net,+719660153752,Marriott #217,2026-03-08,2025-11-23,9734
279,Abigail Anderson,logan.jones362@guardpost.io,+925263615384,Hilton #353,2025-07-09,2026-05-25,1701
280,Amelia Johnson,logan.martinez997@townmail.net,+597929153150,Hilton #193,2024-05-08,2026-05-08,2793
281,Grace Davis,john.martinez919@inboxr.net,+608185334037,Hilton #758,2024-06-17,2025-12-22,7859
282,Harper Gonzalez,james.rodriguez832@hubmail.io,+664743692941,Hilton #604,2026-02-23,2025-01-17,7740
283,Mia Gonzalez,grace.martin926@townmail.net,+951236270086,Accor #381,2024-11-26,2026-09-11,8386
284,Noah Rodriguez,ethan.hernandez629@relay365.net,+65330331060,Accor #703,2024-02-05,2026-06-15,6376
285,Harper Taylor,abigail.johnson352@inboxr.net,+629815001175,Accor #390,2024-05-10,2026-02-16,8593
286,James Martin,john.martin260@relay365.net,+268534729794,Marriott #291,2025-05-21,2025-04-27,5486
287,Isabella Lopez,ava.jones847@guardpost.io,+145771850313,Hilton #593,2024-09-25,2025-02-22,5758
288,Sophia Davis,matthew.rodriguez733@guardpost.io,+28733445832,Accor #857,2023-06-11,2024-12-13,2112
289,Daniel Jackson,liam.hernandez353@relay365.net,+154095079962,Marriott #486,2023-08-01,2025-03-20,2673
290,Grace Hernandez,abigail.johnson562@inboxr.net,+413032040230,Accor #280,2024-09-21,2024-04-27,4684
291,Jackson Garcia,charlotte.taylor740@liveloop.net,+495280603587,Marriott #800,2025-10-07,2024-10-25,3496
292,Noah Martin,matthew.anderson885@hubmail.io,+171828280813,Accor #617,2024-07-15,2026-05-03,9396
293,Olivia Williams,logan.wilson638@mailpost.net,+799265628661,Hilton #727,2026-05-16,2024-04-24,7678
294,Charlotte Brown,james.rodriguez167@guardpost.io,+691905580186,Accor #927,2026-03-20,2026-10-11,5610
295,Noah Moore,logan.lopez26@silentcrypt.io,+444479533709,Accor #435,2024-05-03,2026-02-07,8931
296,Noah Miller,emma.rodriguez274@cloudreach.io,+218322389130,Accor #962,2025-05-21,2023-04-28,5003
297,Grace Jones,harper.jackson61@silentcrypt.io,+902070398201,Accor #542,2023-08-05,2026-11-19,6729
298,Mason Gonzalez,lucas.martinez241@inboxr.net,+348515695280,Hilton #369,2023-12-02,2025-05-26,1404
299,Liam Moore,isabella.williams5@relay365.net,+948574098122,Marriott #773,2026-08-28,2026-01-01,8817
300,Ethan Thomas,daniel.moore305@liveloop.net,+232012779663,Accor #810,2025-02-21,2023-10-23,1579
301,Ethan Williams,scarlett.lopez230@liveloop.net,+404613366467,Accor #274,2024-12-24,2026-02-09,5950
302,Alexander Thomas,jackson.wilson938@quickdrop.email,+594336129667,Accor #612,2024-08-22,2025-04-24,5331
303,Mia Miller,evelyn.taylor52@inboxr.net,+207664591302,Accor #175,2023-09-26,2025-12-06,4735
304,Evelyn Moore,benjamin.moore173@relay365.net,+346772483571,Marriott #924,2025-07-02,2026-07-09,5187
305,Emma Rodriguez,mason.davis13@hubmail.io,+513058492535,Hilton #754,2023-03-10,2025-05-27,6114
306,Isabella Taylor,noah.garcia309@mailpost.net,+597555197220,Accor #905,2026-05-26,2023-06-08,2851
307,Matthew Jackson,john.thomas493@townmail.net,+207211236846,Accor #848,2025-01-13,2025-05-07,8631
308,Alexander Moore,james.rodriguez659@silentcrypt.io,+322490714701,Hilton #794,2024-03-14,2023-04-10,6278
309,Ava Martinez,james.lopez806@hubmail.io,+377062887816,Accor #539,2025-08-09,2023-03-04,3962
310,Emma Thomas,olivia.smith669@guardpost.io,+942135165723,Marriott #656,2023-10-01,2025-03-06,9916
311,Charlotte Wilson,harper.martinez106@silentcrypt.io,+988256710089,Accor #858,2024-01-14,2025-04-16,6640
312,Logan Jones,daniel.anderson865@inboxr.net,+257799196124,Hilton #279,2026-08-23,2023-04-23,9477
313,Sophia Williams,charlotte.miller996@silentcrypt.io,+846546609019,Hilton #901,2024-04-07,2026-11-23,4183
314,Matthew Jackson,mason.anderson18@inboxr.net,+985221262773,Accor #691,2026-06-23,2024-10-19,2620
315,Logan Anderson,logan.anderson380@quickdrop.email,+956684514700,Accor #703,2026-07-11,2024-04-27,4744
316,Mason Miller,aiden.martin369@relay365.net,+691163556038,Marriott #163,2026-12-08,2025-10-03,1089
317,Mia Johnson,emma.lopez700@relay365.net,+7682621830,Hilton #963,2023-11-13,2026-09-21,2429
318,Scarlett Garcia,evelyn.wilson307@liveloop.net,+346508154541,Hilton #846,2025-09-20,2024-02-07,2904
319,Charlotte Martinez,benjamin.thomas740@townmail.net,+882802211793,Hilton #638,2025-03-11,2024-06-07,8399
320,Charlotte Jackson,scarlett.lopez213@relay365.net,+166426521989,Marriott #333,2025-01-25,2024-08-05,9834
321,Charlotte Jackson,liam.thomas818@silentcrypt.io,+529202870240,Hilton #838,2026-02-22,2025-01-03,7415
322,Harper Brown,harper.taylor582@inboxr.net,+498015501456,Marriott #225,2024-05-01,2026-11-05,9704
323,Sophia Brown,ella.moore563@mailpost.net,+877342301629,Accor #371,2025-05-25,2024-04-27,5455
324,Olivia Brown,charlotte.wilson45@relay365.net,+906725902383,Hilton #836,2023-09-09,2026-11-19,7624
325,Harper Martin,mason.taylor584@cloudreach.io,+261875897747,Hilton #234,2023-07-13,2024-02-08,2248
326,James Taylor,mason.jackson930@hubmail.io,+784308036729,Accor #678,2024-02-10,2023-04-19,9765
327,Aiden Rodriguez,alexander.thomas791@hubmail.io,+213860593292,Hilton #251,2024-03-26,2023-01-18,7340
328,Abigail Smith,alexander.martinez654@inboxr.net,+225103588505,Accor #126,2026-03-02,2023-09-15,1818
329,Ava Lopez,aiden.martinez112@mailpost.net,+746399948164,Hilton #832,2024-02-07,2024-11-15,8129
330,Liam Martinez,olivia.johnson896@townmail.net,+159387011994,Marriott #678,2026-02-17,2026-10-02,8205
331,Mason Thomas,mason.hernandez292@silentcrypt.io,+905188551960,Marriott #226,2024-09-25,2024-07-26,4912
332,Aiden Miller,ethan.lopez997@townmail.net,+823115000749,Hilton #496,2023-08-16,2023-03-24,4311
333,Matthew Miller,ava.garcia195@relay365.net,+43433235214,Marriott #838,2025-10-21,2023-10-09,5183
334,Daniel Gonzalez,liam.taylor910@guardpost.io,+948824068053,Hilton #497,2023-06-12,2023-08-05,6487
335,James Moore,john.gonzalez896@cloudreach.io,+974758722549,Hilton #923,2026-12-07,2023-01-02,7121
336,Sophia Johnson,evelyn.taylor574@silentcrypt.io,+639790911612,Hilton #299,2023-08-26,2026-01-07,2182
337,Liam Martin,ava.smith532@cloudreach.io,+489844858209,Hilton #995,2026-03-18,2023-07-19,2944
338,Charlotte Jackson,noah.martinez532@hubmail.io,+865043550958,Hilton #140,2025-05-23,2024-05-13,3982
339,Evelyn Jackson,sophia.rodriguez10@cloudreach.io,+565811778053,Marriott #572,2026-10-20,2023-06-09,3953
340,Harper Jones,james.miller429@quickdrop.email,+746323703463,Accor #270,2025-08-06,2026-08-17,4284
341,Logan Johnson,charlotte.miller685@inboxr.net,+494364059247,Marriott #214,2024-10-27,2024-09-21,9830
342,Daniel Hernandez,scarlett.martinez540@liveloop.net,+367455600300,Marriott #946,2023-09-07,2023-08-09,2827
343,Mason Gonzalez,isabella.brown523@quickdrop.email,+916979995277,Marriott #167,2023-10-06,2025-02-02,4682
344,Matthew Garcia,evelyn.johnson978@silentcrypt.io,+65949736468,Hilton #625,2025-11-21,2026-12-03,6153
345,Abigail Johnson,matthew.miller155@quickdrop.email,+901596907157,Hilton #549,2024-11-16,2026-01-27,9610
346,Ella Anderson,harper.jones200@liveloop.net,+503172739476,Marriott #245,2023-12-13,2023-04-25,5410
347,Aiden Anderson,mason.jones202@guardpost.io,+669190464738,Accor #841,2024-07-11,2026-04-23,7755
348,Mason Brown,ella.johnson234@mailpost.net,+928014588456,Accor #331,2024-11-24,2026-02-08,6405
349,Charlotte Jones,ella.smith33@quickdrop.email,+184097839957,Accor #473,2023-12-21,2026-04-12,7054
350,Aiden Gonzalez,amelia.garcia42@liveloop.net,+561375555376,Accor #994,2026-11-21,2023-10-25,8602
351,Noah Williams,logan.anderson944@liveloop.net,+986233398092,Marriott #487,2026-06-04,2026-08-19,2713
352,Abigail Jackson,abigail.brown865@quickdrop.email,+785779326435,Hilton #573,2026-02-02,2024-03-07,9607
353,Liam Martinez,emma.gonzalez693@relay365.net,+295652621056,Marriott #730,2026-08-22,2026-01-26,9030
354,Jackson Moore,ava.lopez126@cloudreach.io,+219760213735,Marriott #253,2023-07-20,2026-02-23,5536
355,Liam Brown,ava.rodriguez176@relay365.net,+932912628176,Marriott #420,2024-12-05,2024-01-01,1208
356,Abigail Jones,mia.miller486@inboxr.net,+784363782547,Hilton #432,2025-04-18,2023-01-19,7036
357,Jackson Martinez,james.martin859@relay365.net,+542959638824,Hilton #623,2026-02-07,2024-09-10,7656
358,Charlotte Miller,olivia.jones420@quickdrop.email,+194717064175,Hilton #257,2024-09-25,2026-10-07,9186
359,Mia Wilson,noah.moore126@quickdrop.email,+446172054212,Accor #486,2025-10-08,2024-08-06,3671
360,Isabella Williams,benjamin.davis328@relay365.net,+719051777138,Accor #951,2024-11-08,2023-12-22,9796
361,Abigail Moore,jackson.thomas747@hubmail.io,+349008395681,Hilton #855,2026-10-20,2026-09-02,3509
362,Ella Taylor,jackson.davis290@mailpost.net,+457300699718,Accor #508,2026-02-26,2024-07-21,4617
363,Ethan Wilson,mia.gonzalez955@mailpost.net,+6013329863,Hilton #662,2023-06-26,2025-09-11,8294
364,Harper Martinez,scarlett.garcia122@liveloop.net,+674188772378,Accor #561,2026-11-11,2025-03-22,3692
365,Harper Johnson,ava.moore617@guardpost.io,+438251200403,Hilton #142,2026-12-12,2024-04-14,4051
366,James Garcia,ethan.garcia715@inboxr.net,+845860808684,Marriott #147,2023-11-20,2026-09-23,4888
367,John Hernandez,matthew.davis54@guardpost.io,+615061970827,Accor #670,2026-06-27,2025-02-26,7416
368,Jackson Garcia,ella.gonzalez326@liveloop.net,+29601556251,Accor #661,2026-04-11,2024-01-04,4621
369,Ava Lopez,harper.miller669@relay365.net,+149009932252,Hilton #810,2025-07-16,2025-05-08,6648
370,Harper Garcia,charlotte.wilson518@mailpost.net,+125409029910,Accor #640,2023-04-28,2023-01-23,9838
371,Sophia Jones,isabella.brown713@cloudreach.io,+509392184886,Marriott #287,2023-12-22,2023-01-21,4378
372,Ella Garcia,benjamin.anderson181@guardpost.io,+758542798976,Marriott #421,2025-04-17,2023-08-14,1242
373,Mia Smith,noah.jones523@guardpost.io,+692846826044,Hilton #479,2024-07-13,2025-02-10,1679
374,Scarlett Hernandez,james.davis36@hubmail.io,+13508962547,Accor #846,2026-08-02,2025-03-01,1086
375,Aiden Moore,evelyn.lopez427@townmail.net,+679082225277,Accor #194,2024-05-27,2025-10-05,7985
376,Aiden Thomas,ava.jackson826@hubmail.io,+145599971927,Accor #858,2024-12-23,2024-03-28,2407
377,Evelyn Williams,noah.gonzalez168@hubmail.io,+677665233803,Hilton #955,2025-09-21,2026-11-23,9297
378,Aiden Jones,daniel.thomas454@quickdrop.email,+512671862924,Hilton #904,2023-11-18,2026-09-02,4557
379,Aiden Taylor,amelia.gonzalez34@townmail.net,+721382506935,Accor #884,2024-10-10,2023-07-21,3756
380,Logan Taylor,ava.anderson602@silentcrypt.io,+575384355639,Accor #766,2024-08-07,2025-11-16,6558
381,Alexander Martinez,alexander.williams387@silentcrypt.io,+227782862832,Accor #625,2026-06-22,2024-11-05,7608
382,Daniel Rodriguez,noah.taylor117@relay365.net,+23965153978,Hilton #772,2025-08-26,2023-02-15,3007
383,Alexander Anderson,evelyn.wilson772@townmail.net,+64510756620,Accor #848,2024-12-03,2026-09-24,2307
384,Daniel Johnson,matthew.martinez592@townmail.net,+95603224598,Hilton #328,2026-01-03,2023-12-12,5883
385,Aiden Johnson,daniel.miller857@relay365.net,+934715047436,Accor #324,2026-08-04,2026-03-17,8463
386,Evelyn Lopez,benjamin.davis680@townmail.net,+638710686389,Marriott #741,2025-08-07,2026-07-07,1483
387,John Garcia,noah.williams196@hubmail.io,+986474402574,Hilton #427,2026-03-14,2024-08-03,5046
388,Benjamin Anderson,emma.johnson831@townmail.net,+431337487124,Hilton #241,2023-03-01,2024-10-07,1254
389,Noah Miller,benjamin.martinez634@mailpost.net,+88697668415,Marriott #180,2023-01-10,2026-08-21,4998
390,Matthew Taylor,matthew.miller838@quickdrop.email,+896856493512,Hilton #650,2024-03-27,2024-03-27,7541
391,Ethan Jackson,james.rodriguez927@mailpost.net,+75532340339,Accor #111,2024-10-16,2023-01-02,5360
392,Grace Gonzalez,amelia.miller996@quickdrop.email,+613454144464,Marriott #775,2025-01-28,2025-04-14,1801
393,Sophia Taylor,abigail.thomas390@liveloop.net,+787219842812,Marriott #788,2023-07-08,2026-08-17,6391
394,Evelyn Garcia,john.smith61@cloudreach.io,+13436481059,Hilton #987,2026-04-28,2023-09-20,8525
395,Isabella Miller,daniel.lopez445@guardpost.io,+675378383955,Marriott #458,2026-04-18,2025-05-07,2970
396,Mason Taylor,matthew.martinez246@mailpost.net,+593058422000,Hilton #722,2023-04-05,2025-11-02,7817
397,Noah Thomas,sophia.wilson336@hubmail.io,+223221217423,Accor #639,2023-08-09,2023-09-10,2226
398,Amelia Rodriguez,noah.smith144@relay365.net,+128359078056,Accor #291,2024-09-23,2024-08-06,5804
399,Olivia Smith,ava.miller984@relay365.net,+924053849273,Marriott #497,2023-10-21,2026-02-13,6985
400,Harper Smith,isabella.smith444@cloudreach.io,+43252299738,Marriott #421,2023-04-11,2025-02-05,7315
401,John Miller,aiden.miller493@liveloop.net,+588712415242,Accor #748,2024-02-04,2023-09-27,9525
402,John Wilson,mason.wilson393@quickdrop.email,+541048029579,Accor #451,2023-07-08,2025-07-07,2303
403,Alexander Davis,amelia.moore511@townmail.net,+827844234012,Hilton #974,2026-01-07,2025-01-25,9294
404,James Williams,logan.brown827@mailpost.net,+63222247753,Hilton #609,2023-03-14,2026-04-03,8519
405,Matthew Miller,abigail.gonzalez346@cloudreach.io,+582325960802,Hilton #793,2024-01-24,2026-04-03,5323
406,Isabella Johnson,logan.smith791@quickdrop.email,+823064906970,Hilton #400,2025-11-18,2026-12-07,7139
407,John Moore,harper.lopez746@relay365.net,+551070935299,Marriott #916,2025-11-19,2023-04-13,6783
408,James Johnson,daniel.hernandez559@inboxr.net,+314545501622,Marriott #764,2023-07-26,2025-10-20,6408
409,Benjamin Moore,ava.jones731@mailpost.net,+26284283730,Accor #974,2024-08-04,2025-03-06,4818
410,Emma Johnson,james.rodriguez145@mailpost.net,+373278955690,Marriott #441,2024-11-25,2023-07-19,2872
411,Alexander Martinez,ella.lopez622@relay365.net,+686607368736,Accor #473,2025-04-04,2025-02-05,6174
412,Jackson Smith,emma.thomas485@mailpost.net,+325395635772,Accor #304,2026-10-04,2025-06-03,4277
413,Mason Taylor,benjamin.hernandez251@inboxr.net,+487459915888,Accor #478,2023-05-22,2023-12-11,9660
414,Matthew Gonzalez,liam.davis789@inboxr.net,+802475604376,Accor #999,2024-12-10,2025-03-11,9611
415,Abigail Miller,charlotte.gonzalez543@liveloop.net,+23218115585,Accor #402,2024-06-02,2025-03-06,6120
416,Logan Taylor,emma.smith0@inboxr.net,+34798053627,Marriott #683,2025-05-24,2023-07-27,7766
417,Noah Martin,liam.brown637@inboxr.net,+17967421076,Accor #298,2024-07-23,2023-12-25,8594
418,Emma Gonzalez,logan.jones486@relay365.net,+642759888810,Accor #886,2026-01-17,2025-03-01,8556
419,Logan Taylor,ava.martin595@silentcrypt.io,+899406547604,Accor #991,2025-11-28,2026-11-09,3913
420,Ethan Smith,isabella.williams954@mailpost.net,+992386084261,Accor #841,2025-04-24,2026-06-28,7461
421,Matthew Jackson,emma.smith455@liveloop.net,+50186494365,Marriott #553,2026-11-02,2026-06-20,2198
422,Liam Martin,evelyn.martin346@mailpost.net,+228762264920,Marriott #633,2024-02-06,2025-07-24,8783
423,Lucas Gonzalez,logan.jackson807@liveloop.net,+142869872695,Accor #456,2025-05-09,2026-01-24,1840
424,Ella Williams,emma.gonzalez748@mailpost.net,+147118891800,Marriott #464,2026-11-08,2025-06-08,5856
425,Daniel Garcia,isabella.jones254@cloudreach.io,+487660183591,Hilton #899,2025-01-19,2025-06-24,1162
426,Aiden Moore,ethan.gonzalez303@silentcrypt.io,+17950382954,Accor #709,2023-12-22,2025-05-06,2200
427,Evelyn Garcia,benjamin.taylor260@mailpost.net,+206606744164,Hilton #610,2023-06-18,2024-04-08,7804
428,Charlotte Hernandez,ella.davis390@cloudreach.io,+528675003830,Hilton #775,2026-08-26,2024-07-11,4213
429,Emma Jones,daniel.smith304@townmail.net,+199124081195,Marriott #228,2023-05-11,2023-08-16,1656
430,Sophia Hernandez,grace.gonzalez885@cloudreach.io,+167289018210,Hilton #638,2023-03-15,2025-05-10,1310
431,Daniel Anderson,harper.martinez440@inboxr.net,+207123296661,Accor #111,2024-06-06,2023-10-28,3235
432,Ethan Smith,jackson.johnson995@mailpost.net,+431791104186,Hilton #469,2025-12-09,2023-10-24,1725
433,Ava Lopez,ella.davis846@guardpost.io,+563721400903,Marriott #936,2025-05-20,2026-11-18,5539
434,Logan Jackson,liam.jackson943@mailpost.net,+114101085930,Hilton #332,2026-12-13,2026-05-22,7314
435,Abigail Hernandez,abigail.lopez850@quickdrop.email,+766111684035,Hilton #641,2023-04-27,2026-10-22,6646
436,Isabella Davis,scarlett.martin308@liveloop.net,+527907589942,Marriott #349,2025-09-05,2026-11-13,5669
437,Grace Jackson,grace.williams2@relay365.net,+446227462376,Marriott #239,2025-10-11,2023-03-11,5460
438,Alexander Anderson,emma.miller185@townmail.net,+51926002627,Accor #550,2024-03-22,2025-06-13,7101
439,Ella Davis,daniel.jackson590@guardpost.io,+939965754722,Marriott #126,2024-10-01,2023-04-03,9276
440,Isabella Rodriguez,lucas.johnson720@liveloop.net,+294606289428,Marriott #619,2025-11-24,2025-04-13,8003
441,Scarlett Garcia,charlotte.garcia181@quickdrop.email,+84532720999,Accor #221,2026-05-28,2026-07-19,3900
442,Evelyn Smith,harper.martin837@quickdrop.email,+525132975552,Accor #406,2023-09-17,2025-02-19,8057
443,Logan Wilson,logan.thomas87@hubmail.io,+995144073275,Accor #135,2024-06-19,2023-03-06,8546
444,Jackson Moore,sophia.martin421@inboxr.net,+119870208505,Marriott #554,2023-08-25,2024-01-03,6406
445,Grace Rodriguez,benjamin.jones801@hubmail.io,+404276394100,Accor #279,2025-03-04,2025-10-01,7413
446,Benjamin Rodriguez,aiden.moore50@relay365.net,+355201691352,Hilton #906,2024-11-06,2023-04-07,2221
447,Mia Garcia,john.rodriguez111@liveloop.net,+836588465141,Accor #293,2023-05-21,2024-04-26,6704
448,Jackson Thomas,scarlett.martin242@hubmail.io,+804053682119,Accor #673,2025-02-26,2024-07-02,3274
449,Abigail Martinez,emma.rodriguez702@mailpost.net,+91194854630,Marriott #559,2023-11-10,2026-04-20,6655
450,Evelyn Hernandez,aiden.smith359@townmail.net,+844681018122,Accor #675,2025-12-17,2026-04-24,6749
451,Alexander Taylor,john.williams768@cloudreach.io,+184178026949,Accor #563,2025-04-15,2023-02-17,8658
452,James Williams,emma.garcia16@inboxr.net,+915387847206,Accor #694,2023-07-13,2024-08-25,2799
453,Ella Miller,logan.davis292@mailpost.net,+477507312929,Marriott #124,2024-08-11,2025-03-22,7052
454,Isabella Wilson,emma.brown104@liveloop.net,+568608052862,Marriott #337,2025-05-20,2026-12-01,9849
455,Ava Martin,lucas.moore159@hubmail.io,+69506779836,Accor #685,2024-08-19,2026-10-28,3888
456,Olivia Lopez,daniel.hernandez224@townmail.net,+991570785703,Accor #408,2025-06-27,2024-06-28,1145
457,Evelyn Wilson,james.miller837@townmail.net,+661945979226,Marriott #682,2023-05-05,2025-03-10,8974
458,Aiden Davis,emma.davis97@quickdrop.email,+468355754330,Marriott #214,2025-10-19,2023-05-03,4840
459,Olivia Garcia,abigail.lopez348@cloudreach.io,+44628408131,Hilton #938,2023-04-12,2025-09-03,3501
460,Harper Moore,benjamin.johnson414@silentcrypt.io,+615109155402,Hilton #376,2025-05-17,2026-09-09,9282
461,Amelia Jackson,harper.taylor903@townmail.net,+518630593710,Accor #475,2025-04-02,2024-05-03,1222
462,Daniel Martin,mia.jackson399@inboxr.net,+518684986604,Accor #394,2026-03-16,2025-04-11,7297
463,Amelia Miller,benjamin.martinez618@inboxr.net,+444307510604,Marriott #770,2024-10-03,2025-04-02,3241
464,Scarlett Gonzalez,amelia.gonzalez667@quickdrop.email,+852094952876,Marriott #503,2024-05-01,2023-08-04,2044
465,John Wilson,john.moore913@inboxr.net,+247604321839,Accor #897,2023-01-10,2025-12-17,3725
466,Noah Smith,liam.lopez232@townmail.net,+893092289412,Marriott #141,2025-08-15,2025-10-03,7775
467,Jackson Moore,jackson.williams484@silentcrypt.io,+5935743826,Marriott #378,2024-11-04,2023-05-09,4292
468,Isabella Smith,lucas.taylor53@silentcrypt.io,+1346934266,Accor #997,2023-01-07,2026-02-20,4210
469,Alexander Hernandez,matthew.wilson172@relay365.net,+658744530378,Accor #968,2023-11-01,2026-12-17,3528
470,Sophia Jackson,liam.jackson101@hubmail.io,+541163721192,Hilton #852,2026-10-21,2024-04-13,6172
471,Olivia Wilson,amelia.gonzalez802@inboxr.net,+312572780318,Marriott #789,2024-06-25,2025-09-06,5578
472,Matthew Rodriguez,evelyn.martinez33@silentcrypt.io,+592833610760,Accor #646,2026-08-01,2023-01-12,8046
473,Sophia Brown,alexander.rodriguez538@silentcrypt.io,+571233660527,Hilton #336,2023-12-08,2026-02-17,5756
474,Logan Miller,emma.moore494@guardpost.io,+885117715111,Hilton #580,2026-08-08,2023-03-03,2745
475,Ava Rodriguez,ethan.brown785@quickdrop.email,+348158271625,Marriott #931,2025-12-01,2025-01-22,4339
476,Lucas Jones,james.miller199@mailpost.net,+304011807830,Hilton #745,2026-09-17,2023-03-10,6350
477,Matthew Davis,mia.garcia730@hubmail.io,+862915002400,Hilton #615,2025-11-06,2024-09-05,2510
478,Grace Hernandez,aiden.johnson462@mailpost.net,+269365878089,Marriott #396,2024-02-08,2023-12-13,9164
479,Evelyn Hernandez,olivia.martinez351@relay365.net,+438930311943,Accor #594,2025-06-17,2023-07-21,8895
480,Abigail Jackson,emma.brown355@quickdrop.email,+653839254988,Marriott #552,2026-11-11,2024-01-24,1195
481,Olivia Moore,logan.rodriguez155@townmail.net,+156775262073,Marriott #745,2023-12-15,2026-06-20,4856
482,Liam Thomas,ella.jackson595@silentcrypt.io,+821627752210,Accor #177,2025-08-16,2023-10-16,3388
483,Benjamin Garcia,grace.johnson813@mailpost.net,+639795876467,Hilton #255,2026-05-10,2023-10-06,3399
484,Amelia Thomas,benjamin.miller820@mailpost.net,+277116241030,Hilton #891,2026-05-18,2025-03-26,6428
485,Olivia Williams,mason.wilson460@guardpost.io,+799618683006,Hilton #354,2024-07-17,2025-08-04,5460
486,Emma Miller,daniel.lopez969@relay365.net,+563642261173,Marriott #788,2026-08-20,2025-09-21,5840
487,Daniel Jones,daniel.smith305@inboxr.net,+407598935784,Marriott #150,2025-11-23,2023-09-19,5256
488,Emma Davis,amelia.martinez896@quickdrop.email,+161707353852,Hilton #547,2026-10-09,2026-04-09,6017
489,Harper Martinez,daniel.martinez386@cloudreach.io,+911753190161,Hilton #767,2023-10-01,2025-09-22,7499
490,Ella Brown,sophia.miller818@hubmail.io,+16494753335,Hilton #477,2025-02-20,2024-05-17,4019
491,Amelia Moore,ella.brown315@inboxr.net,+428265051737,Accor #581,2026-09-27,2024-09-27,5276
492,John Thomas,mason.taylor808@hubmail.io,+244165147470,Marriott #333,2024-01-25,2024-09-06,2238
493,Abigail Thomas,olivia.davis430@hubmail.io,+56635950313,Marriott #388,2023-03-22,2023-07-05,5469
494,Harper Moore,alexander.jones33@mailpost.net,+894619228766,Marriott #311,2026-04-04,2026-05-01,1820
495,Abigail Johnson,scarlett.miller638@mailpost.net,+855424043344,Marriott #679,2023-03-21,2025-12-13,3470
496,Evelyn Wilson,olivia.davis175@relay365.net,+254283113659,Accor #967,2024-11-04,2026-06-25,1092
497,Olivia Thomas,ethan.davis397@townmail.net,+818994320837,Hilton #898,2026-09-07,2025-02-24,7664
498,Ethan Anderson,matthew.anderson387@relay365.net,+212232783040,Marriott #559,2023-12-17,2025-11-26,6828
499,Matthew Rodriguez,harper.thomas765@hubmail.io,+867917865572,Marriott #959,2026-11-02,2025-05-15,4877
500,Benjamin Rodriguez,ethan.rodriguez84@cloudreach.io,+52836204569,Marriott #694,2025-04-03,2024-10-09,3105
