invoice_no,client,amount_chf,amount_btc,ts,notes
,Ella Johnson,33997.15,505.32,2024-11-15,
,Logan Jackson,19653.48,16735.19,2023-07-21,
,Abigail Brown,16967.62,15262.94,2024-09-15,
,Scarlett Smith,16504.15,15111.98,2025-01-05,
,Grace Davis,31790.12,36946.52,2023-12-10,
,Matthew Davis,26402.79,8749.58,2026-01-24,
,Logan Martinez,986.85,6070.91,2025-04-02,
,Ava Smith,39837.0,19372.19,2023-03-19,
,Daniel Gonzalez,36701.48,12334.06,2023-09-08,
,Liam Williams,26702.31,1746.93,2024-12-22,
,Isabella Thomas,4480.51,20215.19,2023-04-11,
,Ethan Martinez,7481.28,36685.35,2023-12-07,
,Ella Johnson,13170.42,28028.88,2026-08-19,
,Mason Anderson,20658.23,5032.87,2026-06-15,
,Ava Johnson,42242.51,9219.58,2024-04-27,
,James Lopez,45683.36,15355.2,2024-07-05,
,Grace Moore,49180.49,37021.69,2025-01-14,
,Logan Smith,48633.74,20685.19,2026-03-10,
,Daniel Brown,45258.43,10176.06,2023-11-04,
,Isabella Jackson,20002.32,10109.72,2026-07-10,
,Abigail Hernandez,31474.38,49955.61,2023-05-23,
,Ella Rodriguez,18568.85,274.12,2024-01-11,
,Lucas Rodriguez,49574.57,18286.01,2024-05-01,
,Charlotte Martinez,10855.51,13.09,2025-07-24,
,Logan Williams,11556.67,2188.57,2024-05-02,
,Abigail Garcia,14676.07,40893.51,2024-05-15,
,Abigail Gonzalez,19876.17,19040.49,2024-09-28,
,Mason Davis,34653.7,47735.18,2024-08-01,
,Logan Wilson,487.02,10555.96,2025-05-17,
,Logan Hernandez,28457.8,29759.21,2025-11-04,
,Noah Hernandez,13135.44,15735.73,2025-12-22,
,Aiden Anderson,35481.36,5529.61,2026-12-14,
,Aiden Johnson,24426.91,25059.0,2024-06-23,
,Sophia Thomas,18034.96,33342.81,2024-08-05,
,John Jones,16728.73,27517.04,2026-10-07,
,Grace Smith,4238.96,12054.86,2023-04-05,
,Grace Wilson,46123.36,21680.57,2026-08-26,
,Ella Jones,48993.02,29857.09,2023-10-25,
,Olivia Jackson,35249.24,7851.59,2023-04-07,
,Jackson Moore,33991.35,26855.39,2024-06-17,
,Mia Brown,44541.33,49239.06,2023-09-20,
,Olivia Brown,33819.7,770.53,2026-12-05,
,Ava Rodriguez,8854.09,32010.32,2023-09-15,
,James Moore,6839.64,5783.28,2026-03-20,
,Ava Thomas,40967.83,46690.01,2025-01-13,
,Abigail Davis,573.0,39366.7,2023-01-12,
,Harper Jackson,42523.41,22131.45,2023-12-17,
,Isabella Taylor,272.34,36582.87,2025-03-18,
,Mason Martinez,37807.66,3016.68,2025-05-04,
,Mia Brown,49770.89,45033.89,2026-06-12,
,Emma Taylor,12557.81,38455.85,2023-05-02,
,Mia Davis,28026.01,40218.82,2026-02-24,
,Ella Hernandez,22945.18,18449.15,2026-05-16,
,Abigail Wilson,29043.9,44308.12,2023-12-20,
,Harper Davis,12986.34,17373.15,2023-11-27,
,Abigail Williams,5831.28,18045.42,2025-04-12,
,Daniel Rodriguez,13266.85,30994.89,2025-01-17,
,Grace Wilson,49781.43,13556.97,2025-08-04,
,James Anderson,20787.16,46396.48,2026-01-07,
,Isabella Moore,29598.27,48650.58,2024-06-01,
,Emma Moore,23671.52,36171.75,2023-02-16,
,Aiden Hernandez,21983.44,2564.31,2026-03-04,
,James Brown,31966.52,14262.79,2025-04-10,
,Mason Jones,48015.42,18127.89,2023-09-27,
,Lucas Williams,21854.64,28977.59,2025-12-27,
,Amelia Anderson,37210.6,4072.46,2025-07-21,
,Sophia Martinez,9706.14,23633.27,2026-10-18,
,Liam Martinez,44192.67,42353.54,2023-09-18,
,Daniel Jones,31913.64,40643.73,2024-12-28,
,Charlotte Martin,11421.38,45963.36,2026-09-26,
,Emma Garcia,44002.88,47866.55,2026-11-11,
,Evelyn Brown,47713.97,36191.17,2025-03-27,
,Isabella Hernandez,24549.06,28611.53,2024-12-18,
,Mia Wilson,22115.27,12305.55,2025-12-14,
,Lucas Martinez,37823.15,18774.07,2024-03-12,
,Emma Johnson,38884.64,22117.75,2025-12-23,
,Jackson Davis,5577.64,21588.13,2025-07-10,
,Daniel Davis,10112.77,24662.83,2026-11-04,
,Grace Anderson,38222.06,41909.72,2025-05-10,
,Emma Williams,9708.06,19900.8,2025-06-15,
,Alexander Jackson,7118.82,3065.61,2025-12-12,
,Ella Rodriguez,8537.56,49607.63,2025-01-23,
,Sophia Garcia,32120.55,36086.57,2024-10-17,
,Sophia Garcia,31843.15,12734.84,2026-08-19,
,Abigail Taylor,48478.97,26836.03,2026-12-10,
,Daniel Williams,35260.17,42158.04,2023-02-15,
,Liam Williams,29250.04,31009.72,2026-11-02,
,Grace Moore,15985.46,41248.32,2026-10-18,
,Liam Martin,16719.25,14933.79,2026-08-25,
,Liam Martinez,38935.67,31309.79,2023-11-09,
,Grace Hernandez,26799.96,35394.54,2024-04-17,
,Abigail Hernandez,13257.01,45621.85,2025-08-06,
,Liam Garcia,46605.14,48363.17,2026-07-10,
,Liam Wilson,37847.06,31701.23,2024-05-26,
,John Hernandez,17681.29,10086.72,2023-11-21,
,Olivia Moore,19015.73,17154.34,2026-08-20,
,Mia Rodriguez,20431.5,44990.64,2024-12-20,
,Liam Smith,29166.92,20114.43,2026-04-26,
,Logan Taylor,8649.13,30154.7,2025-01-05,
,Grace Brown,19517.99,44053.1,2025-09-02,
,Sophia Smith,13472.22,43067.56,2026-04-27,
,John Johnson,8005.42,45631.49,2023-04-21,
,Aiden Hernandez,36323.84,24232.87,2024-01-26,
,Harper Martinez,18344.76,22244.19,2026-11-22,
,Ella Hernandez,32406.92,21436.52,2024-11-19,
,Aiden Taylor,29234.94,959.38,2023-07-25,
,Emma Garcia,49231.88,38384.68,2026-04-15,
,Noah Taylor,40100.15,23579.98,2026-01-24,
,Mason Thomas,5854.62,38445.86,2025-12-23,
,Mason Garcia,4234.14,47580.53,2023-10-24,
,Lucas Jackson,32913.94,23373.21,2023-10-25,
,John Martin,13089.87,11803.55,2023-09-25,
,Amelia Miller,1908.92,10708.64,2024-08-26,
,Aiden Johnson,32475.78,24182.83,2024-09-01,
,Harper Jackson,13376.73,1431.83,2026-05-28,
,Mia Davis,7913.36,8801.56,2025-03-20,
,John Rodriguez,26577.73,8664.68,2026-04-14,
,Mason Anderson,9491.92,47187.46,2023-04-20,
,Scarlett Jackson,8518.18,24072.33,2023-02-12,
,Olivia Jackson,127.39,11587.88,2023-08-23,
,Alexander Martinez,22724.62,39711.15,2026-03-09,
,Ethan Williams,43148.16,49772.45,2023-05-12,
,Evelyn Moore,34192.31,34012.85,2025-03-18,
,Evelyn Lopez,15236.22,28868.38,2025-06-07,
,Mia Anderson,28350.52,2951.68,2024-08-28,
,Sophia Jones,34675.59,42708.04,2024-04-14,
,Ethan Davis,10540.99,23764.53,2023-03-09,
,Evelyn Davis,34815.3,24415.59,2025-09-27,
,Olivia Johnson,31620.3,36352.17,2025-05-08,
,Evelyn Williams,36780.04,11098.3,2024-04-01,
,Evelyn Rodriguez,27692.54,23196.84,2024-06-09,
,Isabella Rodriguez,13953.43,18051.18,2025-03-25,
,Matthew Taylor,16943.64,22417.18,2023-01-19,
,Mia Wilson,48074.54,32370.6,2026-12-11,
,Alexander Martinez,40481.8,7794.27,2026-03-06,
,Ella Brown,25247.28,10397.66,2025-03-09,
,Olivia Garcia,20237.24,146.63,2023-03-13,
,Evelyn Taylor,9035.82,6083.38,2023-03-23,
,Daniel Miller,23892.69,35711.0,2024-12-02,
,Ava Wilson,15843.89,34122.77,2026-09-20,
,Lucas Anderson,35468.6,46979.6,2024-04-05,
,Scarlett Moore,5171.78,1479.93,2024-05-03,
,Charlotte Jones,35993.78,1404.41,2025-06-15,
,Amelia Wilson,212.44,8387.31,2023-08-07,
,Sophia Johnson,15443.67,3734.1,2023-11-20,
,Matthew Hernandez,9838.16,32652.52,2023-08-02,
,Grace Garcia,35574.44,35024.82,2023-08-10,
,Benjamin Williams,6094.73,7719.38,2025-08-11,
,Harper Thomas,38364.48,4135.81,2025-11-01,
,James Martin,28443.32,32993.42,2023-12-08,
,Emma Wilson,45257.51,4045.68,2026-10-12,
,Mason Rodriguez,933.54,13642.0,2026-11-08,
,Amelia Wilson,43235.11,216.74,2026-06-01,
,Ethan Garcia,702.22,35842.6,2025-09-10,
,Alexander Thomas,15649.78,32750.25,2026-03-08,
,Mia Johnson,38023.37,14444.86,2023-02-10,
,Ella Thomas,12527.97,4826.8,2025-06-04,
,Sophia Johnson,21923.49,36825.28,2023-04-24,
,Ella Jackson,14458.54,10077.75,2026-04-14,
,Jackson Davis,36663.97,24711.12,2026-02-12,
,Logan Williams,45867.42,29176.57,2023-11-20,
,Aiden Hernandez,41383.62,28475.8,2023-11-28,
,Mia Martinez,43954.92,37767.17,2023-07-09,
,Charlotte Wilson,2558.58,5087.47,2024-12-18,
,Alexander Gonzalez,46981.71,11121.85,2023-10-02,
,Mia Moore,5691.55,28430.57,2023-04-21,
,Abigail Martin,4411.14,21967.74,2023-08-23,
,Scarlett Moore,32764.96,48712.74,2024-10-28,
,Noah Williams,10142.32,15154.6,2023-03-09,
,Evelyn Lopez,35788.21,34970.43,2026-03-08,
,Logan Martinez,31006.47,2609.68,2024-01-03,
,John Thomas,1938.32,22802.25,2024-02-13,
,Daniel Johnson,49220.47,28660.62,2024-07-08,
,Noah Gonzalez,4467.09,22959.39,2026-06-12,
,Olivia Martin,49188.63,38315.58,2026-11-08,
,Aiden Martin,27865.23,4578.64,2025-08-05,
,Sophia Hernandez,34987.22,19873.73,2024-06-26,
,Amelia Lopez,22603.69,26599.26,2026-12-09,
,Evelyn Rodriguez,27557.74,20400.61,2026-02-01,
,Abigail Wilson,46460.81,44882.77,2024-04-18,
,Alexander Miller,20461.64,2078.57,2025-12-11,
,Emma Garcia,38516.83,43679.35,2026-07-22,
,Ethan Williams,28112.66,32778.32,2026-09-18,
,Emma Moore,38287.81,27387.42,2025-03-20,
,Jackson Martinez,47420.46,4575.26,2023-09-20,
,Ava Anderson,6303.46,41340.55,2024-09-26,
,Logan Taylor,111.8,46640.59,2026-11-11,
,Alexander Thomas,47056.89,23716.21,2024-12-07,
,Ella Anderson,13187.2,48440.95,2025-02-13,
,Ella Wilson,42930.34,48907.95,2025-02-16,
,Emma Miller,13083.52,39015.44,2025-07-01,
,Daniel Williams,41738.56,35813.12,2023-11-09,
,Ava Thomas,45718.32,43319.01,2024-10-04,
,Isabella Johnson,6892.05,39568.48,2023-08-27,
,Ava Gonzalez,13481.67,34963.23,2025-07-15,
,James Brown,35765.52,36478.51,2023-08-25,
,Charlotte Gonzalez,47076.66,23432.88,2025-03-25,
,Emma Martinez,22101.42,37314.16,2025-07-27,
,Abigail Hernandez,18004.26,48534.17,2026-01-05,
,Logan Gonzalez,33594.41,33252.88,2024-08-24,
,Abigail Johnson,14755.86,35114.65,2025-03-04,
,Evelyn Miller,15162.42,43065.26,2025-12-09,
,Olivia Rodriguez,34700.29,35083.05,2023-01-26,
,Ethan Hernandez,26472.89,19582.55,2025-03-14,
,James Thomas,48279.11,49315.44,2025-11-01,
,Sophia Johnson,18116.81,20501.85,2023-08-24,
,Liam Gonzalez,17056.25,36393.55,2025-02-14,
,Lucas Brown,45853.45,17969.07,2024-02-18,
,Lucas Smith,17294.58,37710.7,2025-03-07,
,John Jones,26692.77,6162.62,2023-02-28,
,Logan Smith,36230.94,38968.03,2024-02-22,
,Grace Lopez,42201.92,33546.17,2023-02-28,
,Amelia Thomas,23340.59,18068.73,2024-04-04,
,Ava Hernandez,1432.69,5249.01,2024-02-28,
,Ella Moore,22552.18,1877.44,2024-10-11,
,Ethan Taylor,8761.56,10974.14,2023-03-13,
,Charlotte Davis,46562.68,30641.21,2025-09-14,
,Scarlett Thomas,22013.78,12918.28,2023-10-09,
,Abigail Gonzalez,26672.21,35315.06,2026-10-06,
,Benjamin Taylor,35654.52,47368.4,2026-02-24,
,Harper Johnson,43100.73,14536.21,2024-11-25,
,Matthew Hernandez,7478.41,2856.11,2024-03-22,
,Charlotte Johnson,42873.71,23301.89,2024-10-19,
,Noah Thomas,10802.74,3321.85,2025-08-05,
,Grace Brown,1526.97,26857.11,2026-12-25,
,Matthew Lopez,46077.16,5596.19,2026-10-05,
,Isabella Anderson,26107.18,43472.32,2026-02-04,
,Noah Lopez,42494.44,18297.26,2025-05-15,
,Aiden Hernandez,42289.78,12884.06,2023-08-14,
,Aiden Jackson,9979.44,36200.77,2026-12-26,
,Charlotte Thomas,45109.38,8476.35,2025-10-10,
,Aiden Rodriguez,4488.68,13989.9,2025-02-14,
,Benjamin Johnson,6620.62,3938.7,2025-11-06,
,Noah Smith,3654.09,3783.88,2026-01-13,
,Ella Anderson,30402.22,41431.6,2024-03-10,
,Scarlett Brown,3860.33,32663.92,2023-05-22,
,Lucas Jackson,29491.25,22604.04,2024-07-21,
,Daniel Garcia,3901.61,22421.6,2024-02-24,
,Aiden Taylor,21915.34,42955.23,2024-06-20,
,Isabella Smith,34165.62,30696.37,2026-03-06,
,Emma Garcia,46152.81,29817.82,2025-01-02,
,Charlotte Martinez,15021.18,2696.14,2023-03-20,
,Sophia Brown,18391.77,24573.31,2024-06-22,
,Aiden Lopez,3379.87,37063.4,2023-03-22,
,Isabella Moore,23589.94,15048.51,2025-07-20,
,Mason Garcia,26127.5,47028.11,2023-02-28,
,Emma Moore,48242.25,28295.84,2026-08-21,
,Sophia Rodriguez,6724.81,13513.68,2024-07-08,
,Aiden Martinez,10915.3,21197.64,2023-12-21,
,John Jones,21181.72,29172.01,2024-07-04,
,John Anderson,19920.49,30005.42,2024-08-17,
,Evelyn Garcia,21695.89,48267.43,2023-01-24,
,Olivia Anderson,14282.49,16314.0,2023-01-07,
,Aiden Hernandez,4711.8,46902.57,2023-11-02,
,Ava Hernandez,7587.9,46337.15,2024-08-04,
,Isabella Williams,36391.73,26062.53,2025-04-18,
,Charlotte Gonzalez,20561.67,46873.68,2025-06-20,
,Emma Lopez,47792.4,15562.17,2025-07-08,
,Ava Garcia,32073.75,37253.1,2023-12-27,
,Emma Taylor,6108.76,19476.73,2024-06-01,
,Ava Anderson,24185.05,12565.82,2025-03-13,
,Noah Hernandez,9892.9,33531.58,2025-07-14,
,Matthew Brown,8723.99,37984.12,2024-02-04,
,Emma Moore,15464.04,4806.54,2023-02-10,
,Charlotte Davis,42953.37,33373.7,2024-01-05,
,Jackson Davis,44077.61,9022.14,2024-07-28,
,Alexander Hernandez,12543.52,40095.85,2026-03-21,
,Lucas Moore,11264.73,37806.96,2025-02-02,
,Charlotte Wilson,19517.06,28184.43,2024-01-20,
,Isabella Anderson,48656.15,27437.58,2024-04-28,
,Ella Hernandez,11061.89,46863.27,2026-09-23,
,Harper Moore,15246.96,34878.7,2026-12-17,
,James Martinez,43367.65,13949.94,2024-05-07,
,Benjamin Miller,7483.76,12329.2,2026-02-28,
,Harper Lopez,2746.25,29055.37,2025-11-13,
,Harper Moore,27595.0,29650.58,2026-11-22,
,Emma Martin,40946.69,36020.53,2025-10-24,
,Sophia Smith,8704.32,29894.34,2025-03-12,
,Abigail Taylor,14105.85,14297.36,2023-12-21,
,Evelyn Smith,42836.02,47822.44,2026-10-03,
,Harper Lopez,35636.8,17161.9,2023-01-26,
,Ella Anderson,47740.32,6110.99,2024-11-05,
,Olivia Rodriguez,45068.06,4718.01,2023-05-01,
,Alexander Moore,9473.79,3066.49,2025-02-21,
,Liam Taylor,43031.0,2777.76,2026-10-12,
,Olivia Jackson,25427.87,36567.54,2024-01-03,
,Matthew Martinez,25369.12,23873.21,2025-09-03,
,Evelyn Smith,27051.75,10299.03,2023-02-20,
,James Moore,10604.02,36113.05,2024-05-02,
,Matthew Anderson,42559.27,48974.47,2026-10-20,
,Evelyn Brown,1693.33,47393.17,2025-08-08,
,Alexander Johnson,12122.49,49976.3,2026-07-23,
,Liam Moore,21969.52,37713.86,2023-09-25,
,Evelyn Johnson,11101.34,10143.91,2026-06-08,
,Harper Smith,822.75,13394.65,2026-09-19,
,Abigail Williams,48164.48,14828.85,2023-11-04,
,Mia Moore,34931.31,9738.71,2026-11-23,
,Logan Rodriguez,46801.85,7485.57,2026-11-18,
,Aiden Davis,39764.14,6922.82,2024-06-13,
,Daniel Jackson,38318.98,8120.09,2025-07-22,
,Mia Rodriguez,20793.29,23404.54,2023-09-11,
,Charlotte Garcia,37092.62,48577.65,2023-11-22,
,John Martin,37888.75,32102.0,2026-07-13,
,Emma Williams,49868.97,32319.28,2023-12-25,
,Mason Gonzalez,27924.99,45698.53,2026-09-23,
,James Taylor,39325.69,14354.16,2023-10-16,
,John Thomas,27838.92,39033.93,2025-08-03,
,Emma Martin,24953.84,16913.43,2023-09-11,
,Aiden Martin,9378.79,39716.58,2024-01-28,
,Ava Garcia,1785.61,9611.02,2024-12-26,
,Ava Williams,14322.99,5964.98,2023-06-10,
,James Anderson,32654.72,20635.49,2024-04-10,
,Jackson Garcia,29008.76,19635.26,2024-06-01,
,Harper Anderson,4072.39,38363.22,2026-02-13,
,Noah Thomas,16455.68,21197.46,2025-01-27,
,Lucas Jones,46411.17,5128.39,2023-08-12,
,Daniel Moore,30476.37,17896.29,2024-07-20,
,Amelia Jones,44736.2,18445.36,2025-07-20,
,Amelia Martin,26438.06,32733.19,2025-04-10,
,Liam Williams,28584.42,19051.78,2024-08-18,
,Ethan Davis,27969.08,16330.19,2024-08-24,
,Isabella Rodriguez,46781.53,36629.37,2026-11-19,
,Logan Hernandez,5177.8,22546.18,2025-08-25,
,Matthew Wilson,12434.39,20943.3,2025-05-18,
,John Garcia,42779.56,365.89,2023-05-11,
,Isabella Martinez,6840.33,14524.17,2025-04-23,
,Abigail Brown,49754.52,30090.68,2026-01-01,
,Ava Taylor,29720.96,37495.95,2023-05-12,
,Aiden Jones,2493.36,43851.95,2025-04-24,
,Ava Martinez,38512.18,30237.8,2025-10-08,
,Matthew Williams,33872.31,19529.11,2024-03-05,
,Charlotte Williams,28594.43,22276.03,2023-05-16,
,Matthew Gonzalez,33695.7,17621.53,2023-11-18,
,Noah Williams,43083.82,25254.88,2025-04-07,
,Jackson Martin,2305.19,24186.99,2023-11-12,
,Olivia Smith,1351.23,13717.39,2023-12-18,
,Scarlett Johnson,20483.22,12127.63,2024-02-04,
,Isabella Martin,3405.37,22737.12,2024-11-14,
,Jackson Smith,944.82,14906.09,2024-04-27,
,Logan Miller,12270.18,24753.46,2024-09-09,
,Harper Taylor,29755.89,9777.45,2025-08-23,
,Ella Martinez,45550.09,9190.3,2024-12-05,
,Logan Williams,11309.96,47518.94,2026-02-28,
,Ethan Thomas,44975.84,4937.17,2023-03-21,
,Liam Thomas,49284.31,15098.99,2026-06-19,
,Jackson Hernandez,8080.31,21523.54,2026-09-09,
,Grace Smith,30452.64,45924.11,2026-05-14,
,Sophia Davis,32480.44,13840.33,2024-12-27,
,Scarlett Martinez,16865.62,10720.67,2026-05-03,
,Alexander Miller,46479.63,4081.8,2026-06-17,
,Ethan Martin,8224.63,37917.51,2023-05-06,
,Abigail Thomas,10186.71,44448.23,2024-05-07,
,Sophia Brown,45492.62,41589.53,2024-07-26,
,Scarlett Brown,32335.63,23800.6,2023-01-27,
,Abigail Anderson,9874.92,31850.69,2024-01-03,
,Grace Hernandez,1374.51,15913.02,2024-07-21,
,Daniel Gonzalez,552.18,45239.36,2024-05-18,
,Daniel Thomas,16123.67,25708.16,2023-11-06,
,Aiden Gonzalez,28139.78,10464.37,2026-04-03,
,James Anderson,34951.11,45589.83,2025-01-25,
,Grace Garcia,7910.35,5295.32,2023-12-27,
,John Rodriguez,46426.03,32108.76,2023-09-01,
,Daniel Moore,1447.58,8819.63,2023-02-10,
,Benjamin Thomas,48377.99,24308.68,2024-10-07,
,Abigail Martinez,14551.81,19995.87,2026-04-24,
,James Taylor,1398.69,9158.6,2025-09-21,
,Matthew Wilson,488.89,32301.23,2023-12-16,
,Sophia Miller,10629.86,32867.97,2023-11-18,
,Aiden Davis,38140.46,8115.73,2024-04-17,
,Alexander Wilson,3703.66,5700.71,2026-04-01,
,Mia Taylor,8401.62,8014.92,2023-01-03,
,Ella Martinez,22152.58,29708.65,2023-01-06,
,Alexander Jones,38874.33,2918.81,2023-03-18,
,Charlotte Anderson,4240.52,39499.52,2025-09-12,
,Mia Hernandez,10027.85,21176.11,2025-03-22,
,Ella Jones,36990.69,48370.78,2023-08-03,
,Charlotte Anderson,10746.63,49488.67,2025-04-16,
,Benjamin Martinez,23322.58,4157.54,2026-06-18,
,Charlotte Davis,28770.63,32516.58,2024-11-12,
,Charlotte Wilson,11731.88,25908.06,2026-10-26,
,Jackson Rodriguez,13554.69,38532.17,2026-09-28,
,Harper Thomas,17728.25,34161.27,2024-08-26,
,Mason Williams,42897.46,1019.98,2026-02-06,
,Grace Gonzalez,10863.5,4618.43,2026-01-13,
,Isabella Davis,6484.04,28894.3,2025-09-18,
,Jackson Jones,12522.97,44202.25,2026-12-06,
,Logan Hernandez,43612.51,39632.74,2025-08-24,
,Matthew Martin,25242.78,17898.58,2025-01-20,
,Alexander Moore,21182.32,16611.24,2026-02-04,
,Emma Anderson,42958.71,31723.09,2023-04-10,
,Noah Davis,23669.17,15376.9,2026-03-15,
,Abigail Martin,14550.2,3782.89,2023-12-25,
,Emma Johnson,33395.73,12123.07,2026-10-06,
,Charlotte Thomas,31695.1,30641.51,2024-01-27,
,Ava Moore,9389.26,31407.02,2024-09-10,
,Isabella Williams,22421.31,40563.0,2023-08-20,
,Grace Martin,29169.77,42832.0,2023-02-15,
,Ella Anderson,17900.76,43766.97,2024-09-21,
,James Smith,29292.22,46245.64,2026-02-09,
,Ava Williams,31340.74,23016.32,2026-12-02,
,Benjamin Garcia,35.35,5687.56,2026-10-14,
,Benjamin Lopez,21370.38,7284.81,2023-09-02,
,Lucas Martin,11193.36,27479.52,2023-01-21,
,Isabella Johnson,1591.75,11856.23,2024-04-04,
,Jackson Moore,7067.6,7324.99,2025-07-03,
,Noah Rodriguez,36297.28,19160.45,2024-09-10,
,Noah Rodriguez,31663.45,30006.93,2025-03-27,
,Noah Miller,16835.7,44590.95,2024-10-11,
,Grace Lopez,11858.33,8990.3,2025-01-24,
,Daniel Thomas,49078.69,34512.67,2024-12-22,
,Liam Moore,990.88,11772.8,2026-12-05,
,Matthew Smith,23924.73,3740.52,2023-04-21,
,Evelyn Rodriguez,11071.67,45150.09,2023-02-13,
,Emma Jones,40507.97,10305.64,2026-06-11,
,Ethan Thomas,20262.44,38294.67,2024-06-25,
,Liam Martin,17594.35,44196.39,2025-08-03,
,Ava Hernandez,23607.31,32033.19,2025-05-05,
,Benjamin Brown,37394.16,8884.48,2023-12-08,
,Lucas Jones,1222.22,42809.65,2024-02-07,
,Ava Williams,39396.99,32118.81,2024-12-14,
,Ella Martinez,43966.56,19657.63,2024-12-15,
,Scarlett Taylor,48336.1,3028.85,2023-01-09,
,Liam Johnson,44756.48,3843.83,2025-11-22,
,Amelia Martin,26037.75,40754.8,2024-10-09,
,Harper Thomas,901.98,37110.94,2026-11-17,
,Jackson Moore,340.45,32495.94,2023-03-22,
,Benjamin Wilson,47988.99,29461.92,2025-12-28,
,Ethan Hernandez,31288.31,31415.48,2025-02-22,
,John Jackson,9577.63,25575.71,2023-08-20,
,Benjamin Smith,33240.15,29638.23,2025-05-11,
,Mia Jackson,48600.38,48450.27,2026-07-18,
,Matthew Johnson,20243.96,43654.23,2025-07-20,
,Jackson Smith,30811.94,22706.27,2026-09-10,
,Isabella Martinez,9698.0,1521.99,2023-01-24,
,Benjamin Williams,33637.53,46197.86,2023-03-04,
,Noah Miller,16710.12,49278.43,2024-09-21,
,Harper Lopez,47412.01,38240.72,2026-12-23,
,James Anderson,32968.49,12113.19,2023-11-15,
,Charlotte Martinez,37563.44,31636.84,2026-01-19,
,Sophia Williams,18871.86,49234.79,2025-05-17,
,Matthew Gonzalez,11643.72,5055.89,2024-09-13,
,Liam Martin,34090.6,29296.35,2026-09-09,
,Mason Lopez,24818.81,22425.82,2026-07-27,
,Amelia Miller,11238.66,5378.39,2025-02-09,
,Amelia Martinez,35531.92,29293.96,2023-05-08,
,Noah Hernandez,49905.33,14576.44,2024-06-14,
,Noah Davis,7292.27,44333.8,2024-05-06,
,Liam Garcia,24997.63,47310.38,2024-01-28,
,Evelyn Brown,12514.72,44609.65,2023-09-27,
,Alexander Hernandez,7172.41,28334.6,2025-07-26,
,James Davis,40913.24,33289.76,2023-06-15,
,Grace Davis,44857.46,28288.63,2023-04-17,
,Abigail Miller,31021.19,3935.9,2024-08-28,
,Harper Jones,38152.33,17858.35,2026-07-25,
,Evelyn Jackson,45027.83,8181.77,2025-01-24,
,Benjamin Wilson,33288.64,19556.54,2023-12-15,
,Harper Jackson,37297.29,5601.81,2026-08-01,
,Isabella Miller,1941.53,23270.67,2023-01-20,
,Grace Wilson,23969.71,41937.93,2026-10-27,
,Noah Thomas,19661.39,19211.41,2026-05-17,
,Lucas Smith,30935.08,31450.85,2023-08-02,
,Liam Williams,22789.33,9669.93,2026-04-05,
,Lucas Smith,26075.79,48773.69,2023-01-03,
,Lucas Martinez,49748.06,34299.55,2024-04-24,
,Charlotte Johnson,43840.59,41376.15,2023-01-10,
,Ava Thomas,34834.62,38461.05,2026-11-03,
,Mason Gonzalez,46023.5,25597.23,2023-04-02,
,Aiden Johnson,13487.18,35421.28,2024-07-02,
,Daniel Johnson,47682.79,25825.81,2025-06-17,
,Mia Davis,47810.92,3641.41,2025-07-04,
,Sophia Williams,31567.69,4201.15,2024-04-26,
,Liam Garcia,26485.61,34390.41,2026-02-13,
,James Smith,31052.42,6337.31,2023-04-01,
,Harper Taylor,35889.89,29581.72,2026-07-11,
,Olivia Johnson,11415.82,45564.43,2025-09-15,
,Olivia Davis,2602.76,42571.54,2023-11-27,
,Ella Jones,25346.6,6623.99,2026-05-07,
,Ava Gonzalez,10390.97,29242.93,2025-06-03,
,Mia Martinez,4649.37,22584.38,2024-06-02,
,Emma Wilson,37160.59,9020.68,2023-06-12,
,John Thomas,36980.46,517.56,2026-05-24,
,Liam Davis,37484.38,9971.73,2025-10-10,
,Ava Taylor,29688.31,17100.02,2025-05-19,
,John Williams,7954.74,7078.65,2024-11-18,
,Jackson Davis,21506.08,41027.11,2025-02-04,
,Matthew Wilson,32794.85,43290.39,2024-02-12,
,Olivia Anderson,20461.91,27986.74,2024-10-19,
,Benjamin Wilson,33762.38,3375.07,2025-10-12,
,Lucas Smith,44712.9,20187.83,2024-10-01,
,John Miller,42763.25,27696.77,2023-02-02,
,Grace Davis,35121.97,44628.68,2024-08-21,
,Logan Jackson,894.4,14299.59,2023-07-20,
,Jackson Martin,29123.16,34558.12,2023-10-07,
,Mia Williams,13359.45,22240.63,2024-09-20,
,Amelia Williams,33501.16,11320.95,2023-05-20,
,Isabella Taylor,32402.15,16332.02,2023-01-27,
,Charlotte Johnson,23235.68,34442.88,2024-04-17,
,Matthew Lopez,49794.37,31777.81,2023-10-05,
,Liam Garcia,47743.09,29088.07,2023-09-27,
,Benjamin Taylor,29508.94,36100.26,2025-01-16,
