id,name,email,wallet_btc,country,kyc_status,signup_ts
1,Charlotte Smith,isabella.wilson291@inboxr.net,bc1qbhiulwj8lom7ib05tj89q3kw5r7b7izxe4gg0q,ES,verified,2023-01-01
2,Alexander Jackson,liam.davis227@cloudreach.io,bc1qc6hkofqgc0z6o3p1paxauhq7i8o70hjyvz2r0q,FR,rejected,2024-12-18
3,Logan Brown,sophia.miller720@quickdrop.email,bc1qmcyy8r4aqvwt6brcnkdwcnun9qi9yfl30j0njz,PL,verified,2025-11-11
4,Aiden Anderson,liam.gonzalez92@quickdrop.email,bc1q905xedfr58nglcp3uifxr40atz3bgvw0hkr5go,IT,verified,2024-06-10
5,Daniel Garcia,liam.lopez768@cloudreach.io,bc1qipmdfja7i1ip7j0nq4l1sa5kmdcdndq7chnyif,IT,verified,2023-01-06
6,Evelyn Moore,emma.johnson370@cloudreach.io,bc1qqjzhmxso88eny5nyhtrzudrrn4iwwhwg4mrm2c,FR,pending,2025-02-02
7,Emma Jackson,charlotte.jones428@townmail.net,bc1qnjtxpns6wskngrhln3bi9oiy2a3bnkpargg0xc,FR,rejected,2026-04-10
8,Grace Wilson,sophia.martinez285@silentcrypt.io,bc1qusm754tbmsyoht3tb6diokc9s8khn2il323i8d,NL,rejected,2026-05-17
9,Alexander Miller,benjamin.smith624@quickdrop.email,bc1qnja11yv2jktiwg464n4szivrerqe4dnwqzsxxx,NL,verified,2024-07-21
10,Noah Thomas,john.rodriguez899@mailpost.net,bc1q6mte57rjcai5ojxzpxcq8suc3lwmbe5s1cabl9,SE,pending,2026-07-06
11,Grace Lopez,noah.wilson426@hubmail.io,bc1qkxly2jdlvly849wwdap4fgkbbgt7h9c8z38q6w,SE,rejected,2025-09-01
12,Liam Rodriguez,jackson.rodriguez432@relay365.net,bc1qsoeleztxzjq8yi2wi9bxp4fgy0vg5fa2p277o5,DE,rejected,2024-02-22
13,Sophia Brown,benjamin.taylor774@townmail.net,bc1q8na5jsdqmv88jddmumjztro54f4p3quq0ezw5f,ES,verified,2025-05-12
14,Aiden Anderson,isabella.brown608@townmail.net,bc1q1vlvxlx00odf4t6bqiz3r3s1x1kan7ir1497tw,PL,verified,2023-05-20
15,Charlotte Rodriguez,sophia.moore728@silentcrypt.io,bc1q0otf1desl3f8uuzfb8pvzhsu4xmhuo1y3az3gu,GB,pending,2024-11-09
16,Mason Brown,liam.martinez616@hubmail.io,bc1qd1gi8icp7wsa5zpd6w0j1tmw5y4yd0z5njmz3m,FR,rejected,2023-08-13
17,Daniel Smith,mason.jackson428@hubmail.io,bc1qf6vieal7ivj8leaxgh1qwn8iefe1ppy053i119,IT,pending,2025-07-19
18,Ethan Thomas,noah.johnson168@quickdrop.email,bc1qdv9ze95sabi1315wnfbdxzxnmixtqwrso22zcm,PL,verified,2024-01-01
19,Scarlett Williams,logan.smith495@hubmail.io,bc1q6vuq50e8gf19xeak0x0bw7khn51qpacqodtacq,US,verified,2024-01-01
20,Logan Garcia,amelia.thomas970@silentcrypt.io,bc1qsmkalxcgxhsxl0xqrqyogjz0autazcadghlgw1,PL,pending,2026-02-28
21,Aiden Jones,isabella.martin327@relay365.net,bc1qn1gq2356f61xenjcg8h0fnzin2zdp7b3myyzyl,IT,rejected,2025-08-04
22,Liam Jackson,lucas.jackson935@relay365.net,bc1qencybnq5mv4u1n67k75tsp937p1sopg35jsd2d,CA,pending,2024-04-08
23,Evelyn Smith,amelia.rodriguez142@inboxr.net,bc1qcboom9a83fnf3iby51xr4sehrra9cbyejeitp6,IT,pending,2024-12-24
24,Lucas Taylor,ava.moore961@townmail.net,bc1q5wmy7fphf0k8y6y0eve7w588cx8ugef10ag0wp,IT,verified,2026-08-03
25,Charlotte Rodriguez,jackson.miller506@silentcrypt.io,bc1qar9cx5ti3yv6jdktj9le8kxdzr13wvgdqh65ci,US,verified,2024-03-23
26,Matthew Jackson,liam.moore211@relay365.net,bc1q3br4p04p5i6rxosub0k753mojof4e3io5ecye8,CA,pending,2024-05-06
27,Logan Williams,noah.lopez682@liveloop.net,bc1qoxg1908fzvf219q77st8ktifl0xu19c4c6qje9,DE,verified,2025-07-18
28,Grace Smith,isabella.jackson561@guardpost.io,bc1qtr8rkjchfb03rlii34761vj5p9ychtalavbn54,FR,pending,2025-09-06
29,Ava Gonzalez,noah.martin7@cloudreach.io,bc1qlbt5u4yn0m20pq7n7yrc3087zoikpqkt1hoorg,PL,rejected,2025-08-11
30,Lucas Jones,jackson.gonzalez108@guardpost.io,bc1qhyjrxuofhjocya9by7zmmxval8me9qi0urcctn,DE,pending,2023-02-25
31,Isabella Moore,mia.jones577@inboxr.net,bc1qx2cpwuuayro2b520dxqutb2lae6rk5sjcy8vbi,IT,pending,2025-06-17
32,Amelia Johnson,isabella.hernandez19@mailpost.net,bc1qza71ss0f8njfwqro2u9ay0ikj6tobls4104nsb,SE,verified,2024-09-08
33,Mia Thomas,emma.wilson433@cloudreach.io,bc1qv2v828acxj1z88eecpxxysrqftc0epgdpjegab,US,verified,2024-09-15
34,Isabella Smith,lucas.garcia465@liveloop.net,bc1qqdf0uvozqm8iphji83e63ggqlaiovgmx9cvge0,CA,verified,2023-03-04
35,Lucas Garcia,james.jackson1@inboxr.net,bc1qeyn73ktz8wbt9ts3rxsxyoqmi5llm8q1igi08z,US,rejected,2026-04-10
36,Aiden Miller,aiden.wilson139@hubmail.io,bc1qd58zmvfwzmja41uz6kzoedto3o6adau6ynanqx,SE,pending,2026-11-20
37,Harper Lopez,alexander.smith199@quickdrop.email,bc1qxm5rrl3745qp8ls093g7elh85nsmjirpslbzqa,NL,pending,2025-02-01
38,Grace Gonzalez,sophia.jones768@townmail.net,bc1qpsdsdd1ge927j25g4ssiw1ztgk2hnfyeto3007,US,rejected,2025-01-28
39,Scarlett Smith,harper.martin202@hubmail.io,bc1qaech11gewmod83eh1lvkakqeduq52xj5f9q8cu,PL,verified,2026-08-17
40,Logan Martin,emma.jones287@silentcrypt.io,bc1qr81an2azy3xveen1t4z82n7o2d265usw3xtdvw,US,pending,2026-09-12
41,Daniel Jones,charlotte.brown962@guardpost.io,bc1qpg65ql2nvofndxng5jd2xkogk7d3f04ypsblho,US,rejected,2025-02-28
42,Ella Taylor,matthew.lopez410@mailpost.net,bc1qczaxwvoklrh5f42gd5ilampllwby6qt0cda9s2,DE,verified,2023-11-23
43,Emma Rodriguez,jackson.martin421@liveloop.net,bc1q3d6b7cic5mpa0mo4ig0omg9zxjzbezeugg9291,FR,rejected,2025-02-07
44,Ava Moore,ethan.johnson558@relay365.net,bc1qwsldcc0aimod6achh8ukmk4kato229v02aquhk,PL,rejected,2023-03-03
45,James Martinez,benjamin.smith709@townmail.net,bc1q729v31c0qu5si0jndl6j2e0docao180ffcegfl,CA,verified,2025-07-16
46,Amelia Thomas,evelyn.anderson315@inboxr.net,bc1qqvsm3lajju1l1p0hwhkaqlusg29ew62vfne3bg,ES,verified,2023-06-02
47,Ella Anderson,amelia.moore63@cloudreach.io,bc1qf20qpveh5brcbcr3ia7k0m4863oidi27awlaau,PL,verified,2026-09-04
48,Emma Gonzalez,ella.thomas646@relay365.net,bc1qy3lu40kqzntt1dszwlkdblyidzu5fsnf9b47d4,GB,rejected,2026-01-28
49,John Jackson,abigail.brown516@townmail.net,bc1qvgd9sphqrjeq2k0x0rh21qe2vudqq8pwbyxj12,NL,verified,2025-06-27
50,James Moore,emma.martin615@guardpost.io,bc1q27v1ebh8qyh0t3wvcfp01sx7j22sown6chlk01,PL,verified,2024-11-13
51,Jackson Lopez,scarlett.lopez999@inboxr.net,bc1q1f3sc5bfat0vbt8kpg6yw6gspn2vgtiy8vszqb,DE,rejected,2024-08-06
52,Isabella Miller,lucas.smith329@relay365.net,bc1q63lq4yznvvgqkpuxwjh63u4r82o1tpew6stuxi,CA,verified,2023-04-04
53,Olivia Moore,lucas.williams433@mailpost.net,bc1q4666df7s45g6prtv953l8gsyrc4cc4y6nx25xy,GB,verified,2025-12-16
54,Ava Smith,ella.rodriguez16@townmail.net,bc1q8k1cf561cn128i45m55parpwm4mwvblxb8bm4q,GB,verified,2023-03-25
55,Scarlett Rodriguez,evelyn.smith888@inboxr.net,bc1qyrolup0oiqzrax3rnce5dx35o2f1oc0r31gfjm,PL,rejected,2026-09-26
56,Liam Smith,benjamin.anderson741@silentcrypt.io,bc1qgtzf517h5rh6jpq2holi1x0jd7yo6t3bdikj5c,US,pending,2023-10-02
57,Lucas Lopez,logan.taylor27@silentcrypt.io,bc1qduvlyhkud97r7q8r54yhbkmmjwpbw4vhxw37xe,US,rejected,2025-07-13
58,Liam Wilson,matthew.lopez963@relay365.net,bc1qmsnsi17jjf5uqpoomif4tc8rfpkjcripbtp6ng,US,pending,2024-03-28
59,Mia Jones,sophia.lopez921@quickdrop.email,bc1qkahb4jvbj9jm606ywecra4zhh0hhbsryapsi7d,FR,pending,2024-09-17
60,James Miller,sophia.hernandez213@liveloop.net,bc1q2bhtelnnouf4527suu50qukchdqmjeysgmnky1,IT,pending,2025-03-23
61,Sophia Miller,alexander.rodriguez849@liveloop.net,bc1qmk7sn7fr6wj0glfhwxqmivmgcffpsu56pf9y7f,DE,pending,2024-06-24
62,Sophia Hernandez,charlotte.lopez681@cloudreach.io,bc1qane4a2fce9wqovnq72pvflfmyjhmfxncf5ljbx,NL,pending,2026-01-05
63,Amelia Taylor,lucas.taylor993@quickdrop.email,bc1qmy6lk3afynxuks8wju0aa8bl41j1zb2xh28puw,FR,rejected,2023-08-14
64,Isabella Smith,charlotte.gonzalez597@quickdrop.email,bc1qsuwbbs8kyq50jeowjavyl7yjelxkmyh6mqnaak,CA,verified,2023-06-20
65,Ella Hernandez,scarlett.lopez785@liveloop.net,bc1qn5ehwxtk4yb4epilui22cjd47ewilfks7nqxo7,NL,verified,2025-10-27
66,Isabella Lopez,jackson.smith257@cloudreach.io,bc1qvcdbx84tkal19xfjxh5pxelcuz42qtby6ndj5p,SE,pending,2023-11-28
67,Jackson Jones,ethan.wilson14@relay365.net,bc1q8ijk1su7vpfuz2haybe9gnvcbl8m5lcfneyuv8,SE,pending,2024-02-17
68,Jackson Garcia,daniel.gonzalez895@mailpost.net,bc1q5fexvtqk1zcep18g2gwv93b4zj5y0dle4zvdyn,GB,verified,2026-05-20
69,Scarlett Taylor,amelia.smith305@liveloop.net,bc1qjudj8zdwbnn9suvuq9a17cr22nxttaqkanplvr,ES,rejected,2023-03-21
70,Mason Garcia,james.davis516@quickdrop.email,bc1q1s43stia3klr2byncysyxr6yscuqw793hethc5,FR,rejected,2025-05-04
71,John Jones,lucas.hernandez694@townmail.net,bc1qyicm1iyi9qgg931vyt92ptx387egwbcvelb6n5,PL,pending,2023-09-25
72,Isabella Anderson,emma.jackson541@guardpost.io,bc1qdfmun1lw5k3kyc5hvtz7186fg2sf70oqaztmm6,DE,pending,2023-01-13
73,Logan Hernandez,evelyn.miller424@relay365.net,bc1qpotmimn5a7v43mudn7k444xlhc5ei8vxtz7bn4,GB,rejected,2024-03-01
74,Ava Martinez,sophia.lopez885@liveloop.net,bc1qbw5caamvclkcpwghyri7j6fab8fl0i43zd3dsc,DE,pending,2026-09-20
75,Ava Davis,evelyn.williams508@hubmail.io,bc1qxfb3n0ibzdguxnu07rgases4zicw049bz8dxjr,PL,verified,2023-12-23
76,Noah Moore,harper.hernandez943@inboxr.net,bc1qap7au41rmt3f8xu17bmmmgn5c26h5dyvi3xq62,GB,rejected,2025-07-06
77,Liam Smith,sophia.jackson939@guardpost.io,bc1qxct0dwlvpcpn8xsklu5wa195nu9aiv28pk3cs7,ES,rejected,2025-09-01
78,Sophia Moore,ella.thomas875@mailpost.net,bc1q1wst72a8thk6ot39r11iff76hog04nnjnu3abq,PL,rejected,2026-02-13
79,Benjamin Johnson,noah.rodriguez989@townmail.net,bc1qq9yrwtwbp6rxu4u2kjo5v45e51yd68d47q4nvs,CA,pending,2024-09-25
80,Olivia Jones,isabella.lopez195@inboxr.net,bc1qpljzd0rabjxn4a8j6lxxxhdcmgat7rzjopl2wo,IT,rejected,2026-06-13
81,Scarlett Garcia,emma.brown955@inboxr.net,bc1qwgu5w1olelfi2r8pjc4t0y5pzqun0ntn34fnse,IT,verified,2024-05-01
82,Grace Garcia,logan.wilson324@townmail.net,bc1q8l09qicnv9xhkwfvxp6mib3bczxzrtutqgexym,GB,pending,2023-10-12
83,Logan Johnson,logan.garcia539@quickdrop.email,bc1qgevxccu0lyarh2v7u2o37sbc6k246w0mpvnua6,ES,pending,2025-09-13
84,Olivia Wilson,grace.martinez132@inboxr.net,bc1q8sb5wguhpkypdw87kpdfmbtba1dvucuxsjqhmz,US,rejected,2023-02-17
85,Mia Martinez,noah.jackson445@mailpost.net,bc1qg0gyqbfp5ivl6cquqr4376mohgo1ocs66ekz8s,IT,verified,2026-03-17
86,Charlotte Taylor,olivia.lopez16@hubmail.io,bc1qpkmh8ig2hk7dbldtryn9sqs7208fcwslfrr7ho,FR,pending,2024-06-14
87,Evelyn Moore,isabella.smith432@quickdrop.email,bc1qclv4bs1oao9uj9aehrl4yphs8wz9m77d0wqijt,ES,verified,2024-02-08
88,Mia Martinez,benjamin.gonzalez655@mailpost.net,bc1qwelvffcf0011nq595gikbn9zu07zdi8a7g17lp,US,verified,2025-02-26
89,Mia Anderson,emma.garcia651@hubmail.io,bc1qsokeltsugf811gz5qt6ll1l5if1hhz2ytab4is,NL,rejected,2026-04-25
90,John Gonzalez,benjamin.moore243@cloudreach.io,bc1q4ym150p487iwcwosjkn3osp7sux1l5flro0vfr,US,verified,2026-06-16
91,Scarlett Davis,liam.jackson906@townmail.net,bc1qrc949y1dpp9nxatbsbkz2dk9hwiqo748uwcumi,PL,verified,2026-04-17
92,Lucas Taylor,noah.brown252@cloudreach.io,bc1qxfmd7kii48i7rqricmrub2w1na8ljhl5u1ly3t,PL,pending,2024-11-09
93,Aiden Williams,scarlett.brown219@silentcrypt.io,bc1q4utkgvk7vksg6ex3oss2nfrddl7fl7q4cotpix,ES,pending,2025-09-27
94,Olivia Johnson,benjamin.jones420@liveloop.net,bc1qse7t6w97hazvr1jc7wtbpyoatwnnkjgfu25sxr,IT,rejected,2026-06-17
95,Ethan Jones,john.wilson598@quickdrop.email,bc1q4exmntikukg7vus9de42rp4dg31fkdzmy8jhnc,PL,pending,2024-12-13
96,Daniel Rodriguez,jackson.johnson444@cloudreach.io,bc1qzwnqvd9xt9rczayajeznvvy6etv1aafg2llyoo,IT,rejected,2023-10-10
97,Daniel Miller,james.moore871@relay365.net,bc1qtfs28udheq370y429r7an4dgtiliclbsdlzywm,ES,pending,2025-12-28
98,Jackson Jones,noah.martinez746@hubmail.io,bc1q5ogzw85t7y8mx8o1a2h2ta0516ymjh8tg750qs,IT,rejected,2024-08-14
99,Liam Martin,grace.brown305@quickdrop.email,bc1qd3i1fuacnhl8b1l58866xl3grbbn0ds9bf6ize,ES,verified,2026-07-03
100,Matthew Garcia,john.garcia279@townmail.net,bc1qy221t66y2i09mchx8j6laduijmmn5vacro5qqv,DE,pending,2025-02-17
101,Liam Wilson,evelyn.davis121@guardpost.io,bc1q9rf9dx7reikgdke5xkvswu405ytnpbiawv5ful,DE,rejected,2024-06-19
102,Olivia Thomas,sophia.jones881@silentcrypt.io,bc1qinq7cbd1jza27ypnsvr3u3n583ncu7jkgtyt3n,IT,rejected,2024-10-14
103,Lucas Lopez,jackson.thomas218@mailpost.net,bc1qkmia23rm8bhogrt0j548lz0wtuxult1lsj2qzd,US,pending,2025-11-25
104,Liam Davis,ella.miller205@guardpost.io,bc1q1zri49e1dvt2a1gfadq4bpgfo162zn084wa0lz,US,pending,2025-05-28
105,Scarlett Smith,mason.anderson739@guardpost.io,bc1q62s4l2u5h92828jci2ne1oyy9a59ngxo3crku4,DE,rejected,2024-04-24
106,Aiden Gonzalez,alexander.taylor214@silentcrypt.io,bc1q6x7ga9oe1eywbgnpv4qbbj4ia3asjscpxkm4jb,NL,rejected,2026-03-07
107,Evelyn Jackson,amelia.smith976@relay365.net,bc1qc0oilh0xas45gk8cosyvxlut59gzeqoihqdkms,GB,verified,2023-04-15
108,Aiden Rodriguez,matthew.williams106@mailpost.net,bc1q25fuolxh4nvceeb52l3yzvufef3h2if7eljw4w,FR,pending,2025-10-03
109,Mia Smith,mia.davis717@liveloop.net,bc1qa480st2aec5tjtre6cm0iq891svzz7nn7ytca7,ES,pending,2026-05-05
110,Isabella Martinez,mia.brown729@silentcrypt.io,bc1qkma72il1p7st0p32lhbypau02ysdhs7akr99ze,PL,pending,2026-06-07
111,James Gonzalez,evelyn.williams491@guardpost.io,bc1qtdp85h3ms4waijmy4nx501z0lfnwdh2h9340oz,CA,verified,2026-04-27
112,Olivia Taylor,grace.wilson401@cloudreach.io,bc1qwozz3fqeyuwksd5a399x8p8vvl2jqekdvbvvky,NL,verified,2024-04-20
113,Alexander Jackson,logan.martin668@inboxr.net,bc1q47ce4bvz5wva3m53bz944bvq5qqwkiwpglxwb7,ES,verified,2025-01-09
114,Charlotte Jones,daniel.johnson433@hubmail.io,bc1q5zgsx3ode1wf7bmfbc0g7f9o0mvlo793qeh6i1,SE,rejected,2023-07-20
115,James Martinez,mason.davis38@silentcrypt.io,bc1qixd8jrllrc47m0fybxk6i2bxrwyltkkg05omvl,DE,rejected,2023-10-21
116,Emma Thomas,logan.jones451@inboxr.net,bc1qqpaql355v1pberhtyfdhwjqeezlhj1me3mqlts,GB,rejected,2024-11-05
117,Benjamin Jackson,matthew.martin575@relay365.net,bc1qyglw2soq67377883etvrtzziv80cibkh1oltuf,SE,verified,2024-05-05
118,Evelyn Martin,james.gonzalez555@cloudreach.io,bc1qamkumipai5mc8juwuno2x0hatpmr33rm3srvq9,PL,rejected,2025-09-12
119,Amelia Jones,isabella.garcia492@inboxr.net,bc1qi0ehzblt3i6ehordur861qau6jrmwq0dek1tmg,FR,rejected,2025-12-21
120,Mason Jones,mia.davis83@inboxr.net,bc1q66z8awxpvsvke92ljg3fcj0o0qbb4ihi9qaglh,GB,rejected,2025-01-25
121,Mia Wilson,olivia.williams923@cloudreach.io,bc1qil0n87s3uyyrcqke01r9qu6ndjsy0vpz9numlk,SE,verified,2025-08-20
122,Amelia Johnson,lucas.davis964@townmail.net,bc1qi7obm450qd0zl3xqk4ankavdeqexiu3381gpgr,FR,rejected,2023-06-03
123,Sophia Rodriguez,amelia.williams801@townmail.net,bc1q70l7gge28p7sdlksgfrlc8pg3apdgehmh2f2bo,IT,pending,2026-09-16
124,Isabella Miller,ava.taylor228@quickdrop.email,bc1qxcs4ch9yxzsh7spshe02qb6zmdsmrybwvig7cx,ES,verified,2026-10-14
125,Mason Davis,olivia.jones639@cloudreach.io,bc1q46oygvhv5lkbjvzdt7g0iyg5arytyss3j8752s,PL,pending,2024-07-17
126,Emma Hernandez,ethan.martin777@liveloop.net,bc1qo60o7i8ktf97sh2xnwexf7x8ieocmokinq23f7,US,rejected,2026-10-26
127,Ella Smith,noah.wilson354@quickdrop.email,bc1q38dcoc54wuzlu0nn4lg7myxfaaziavxa3lzli4,SE,verified,2025-06-23
128,Isabella Davis,harper.lopez284@townmail.net,bc1qyhh8il4yjfzs7eteq75sgs084kg34ydmb7zty5,CA,verified,2025-07-27
129,Liam Jones,harper.rodriguez825@quickdrop.email,bc1qqu7r2ssqpg5mhd25ly0e8rnzm65b3llskgxq1o,GB,rejected,2025-06-11
130,Emma Gonzalez,ava.thomas659@silentcrypt.io,bc1qsoxv5kmpyfpryb6ilzgtbu5ekrt7rr5qinwchq,GB,pending,2025-09-17
131,Benjamin Miller,matthew.wilson683@inboxr.net,bc1qu1dyfodadqsh405f3mjwj8o8th09nvuxthxiyq,SE,verified,2025-04-23
132,Scarlett Lopez,lucas.taylor940@hubmail.io,bc1qo85ndo736o2ay25louby669tptu1m0cptduxuu,PL,pending,2026-02-12
133,Aiden Martinez,daniel.brown639@inboxr.net,bc1qiv6l85ai3wdasnt3ok4m3klp9zymntwf0yjvpw,NL,rejected,2025-08-14
134,Olivia Garcia,scarlett.lopez295@relay365.net,bc1qip7q220kjctyayc6wk4ffmbgsb6ez7vi1yw9nq,DE,pending,2024-02-09
135,Grace Garcia,olivia.anderson156@cloudreach.io,bc1qr1snywdztz0kt53hfw9ce3kk86lif6wtpskjtt,ES,rejected,2023-10-06
136,Lucas Johnson,benjamin.thomas437@cloudreach.io,bc1qfj5dho79h2cz52w5ybj1oji7archjv4dbk5ua8,PL,rejected,2025-01-21
137,John Anderson,alexander.jones763@mailpost.net,bc1q8hxnuggwsitih481o7u6dwbsj05u9xdrvw0tzk,GB,verified,2025-09-11
138,Olivia Thomas,charlotte.gonzalez655@cloudreach.io,bc1qkogoqgq8k3hskp40hiioxs8x5nbdmwveer8et0,IT,rejected,2026-10-04
139,Abigail Rodriguez,isabella.davis392@guardpost.io,bc1qfuhh02ekafhyq6khs9gjnl7djq4mule1j8zcei,CA,verified,2024-10-21
140,Mason Davis,grace.gonzalez244@relay365.net,bc1quayieqrtcnl2lqouu7oah56yl3j12a09h34se1,US,verified,2023-08-07
141,James Jackson,noah.jackson62@townmail.net,bc1q7ajtj7av2mnydqnhle5s894j8ah1lazvscr6hi,NL,rejected,2026-07-10
142,Daniel Anderson,mason.johnson328@hubmail.io,bc1q17eore73wtpfsvky91j7fhiuq0usqnyen3fwuy,US,verified,2026-10-28
143,Ella Lopez,aiden.williams505@quickdrop.email,bc1q164pijohd9bxcf5fb4tkoixs51sqktni7lyz61,ES,pending,2024-01-14
144,Olivia Miller,ethan.jackson539@liveloop.net,bc1qb6y1id754933p19btzo2t71wcp5vnn8kq0lgc7,CA,pending,2024-08-07
145,John Anderson,isabella.hernandez274@cloudreach.io,bc1qsx4gh24g9npm591dbkplbbm246c58rqfzrbuky,GB,verified,2025-06-23
146,Jackson Thomas,harper.garcia288@quickdrop.email,bc1qrcc2rq8th50v5yjfbbteuvh8fpjdwz95g4w9b4,NL,pending,2024-04-24
147,Aiden Martin,mason.smith696@quickdrop.email,bc1ql6rvicokzrxk1h3rb86xeog6roe1mnn9z6glqj,ES,rejected,2025-12-23
148,Benjamin Anderson,daniel.smith434@cloudreach.io,bc1qpuz4r6n3v1fkhwhhyiz22zu41ljpm1udooj3oq,US,rejected,2025-06-24
149,Grace Taylor,ella.johnson40@relay365.net,bc1qd83jn73yl80eilgo9dm7ms89b8lc3gk9zpj381,FR,pending,2024-06-07
150,Harper Thomas,noah.jackson757@liveloop.net,bc1qw2o1ijmx3u8n8qd7lsq168grwh4wqa78k630r7,CA,rejected,2025-08-22
151,Evelyn Brown,abigail.jackson133@quickdrop.email,bc1qnh81q0qde5mx5k0coi8gkazni49yfkjgxis23h,FR,pending,2026-02-28
152,Grace Smith,liam.brown373@quickdrop.email,bc1qdfulb37hss5d8a4p6bvi5uc97lx7s5z0c2ugrq,DE,rejected,2023-07-03
153,Scarlett Hernandez,noah.miller466@guardpost.io,bc1qdud5cpjkvjal3r36t8yfd80h2ad1tnhc6d3tbg,FR,rejected,2026-07-26
154,Harper Wilson,mason.rodriguez797@hubmail.io,bc1qbhkuoeqdlsza0p4eak2pj8l64o9ih1d4dkkuvo,CA,verified,2026-09-24
155,Abigail Lopez,aiden.jones377@inboxr.net,bc1qn8xxlgkefktucf5jy7fqguzcrzwf49y989t7sf,ES,pending,2024-06-24
156,Harper Lopez,harper.moore478@quickdrop.email,bc1qutc7d3e1m26vc0fgpeu70uvrlv1a68y4se5gsp,SE,pending,2023-12-02
157,Daniel Martinez,ella.gonzalez257@cloudreach.io,bc1q2xso3ghl8yflpnmfpxu8pcnwadg6rw4jr6621h,IT,pending,2025-03-17
158,Lucas Smith,aiden.wilson975@silentcrypt.io,bc1qiv6hayta1dz6kstxoo2om4esckedi3biwohxcj,IT,rejected,2025-10-03
159,Charlotte Anderson,olivia.thomas957@mailpost.net,bc1q3lemepg8p75lrun1erpea9mgu7qqp9l8et9fpc,DE,rejected,2026-11-06
160,Emma Martin,noah.williams873@quickdrop.email,bc1qfbq2svfewkx885wbbo8sk8rnoktgnejy86ykuo,US,pending,2023-06-28
161,Scarlett Lopez,grace.taylor912@cloudreach.io,bc1qdu5a564lmlbot7biandyhjr2hlahd3dyw5a8to,PL,rejected,2026-12-05
162,John Johnson,aiden.wilson277@relay365.net,bc1q7t0i134waa8pnzycywksfmpie6mjvm6h3ifzfc,ES,rejected,2024-05-05
163,Ava Taylor,ethan.gonzalez107@quickdrop.email,bc1ql58mnvdkkqhmugcxis744vzbhlguo01c8r33el,ES,pending,2024-05-02
164,Lucas Martinez,james.hernandez193@cloudreach.io,bc1qmg97nd68j463h9023np1jma0wzo2v2xqtecuri,US,rejected,2025-08-11
165,Emma Gonzalez,logan.smith427@hubmail.io,bc1qxf3kycdr78eirsxqt6y15tq7oonx6m6f095fhr,IT,pending,2024-08-03
166,Amelia Rodriguez,abigail.rodriguez315@guardpost.io,bc1q0kekdn2r8z9d1y7jvehz27w3g291enedu6ylpt,IT,verified,2026-10-19
167,Harper Thomas,james.gonzalez356@liveloop.net,bc1qkoetj8pjpgnqxgial69piu80tlskzqwn70mpgr,SE,verified,2023-01-14
168,Logan Williams,logan.gonzalez852@mailpost.net,bc1qkhps3otgat0xluntomwb5873pamlusmztff6s5,CA,verified,2023-06-10
169,Sophia Wilson,amelia.johnson204@townmail.net,bc1q7ywjp8nhpl64tdnrrpbqbknl0yst8oiyocldsn,GB,rejected,2025-08-11
170,James Rodriguez,logan.jones511@guardpost.io,bc1qcc7mv86zjmssek2iykfzi5dc6pajf5lxuakwri,DE,rejected,2024-01-17
171,Aiden Williams,logan.gonzalez8@cloudreach.io,bc1qg1t0c22sewadappnnbhduwkzqgxmjw62lpmojs,DE,pending,2024-12-16
172,Matthew Taylor,grace.miller55@liveloop.net,bc1qgmioq3v6jj6kpz76kkdcu95ldt0vi5jdt1uohd,NL,rejected,2023-11-08
173,Abigail Martinez,amelia.williams256@liveloop.net,bc1qb4bdzhqs3jvwp4kmmp0v08dq3qoj9wdyu4zezi,NL,pending,2026-10-06
174,Mia Anderson,ethan.johnson714@guardpost.io,bc1qsrkiicrvq1potlqjkdb7jn1sata4sqlksnxjvi,FR,pending,2023-12-28
175,John Garcia,james.martin22@townmail.net,bc1q9w7e5058hmufvdfzirvdq0dy4zsoc8utcis89q,PL,verified,2023-02-06
176,Mia Anderson,isabella.anderson745@silentcrypt.io,bc1q9q56cg23u1dg6o11b3gug2tdqsf0vmd8av40az,SE,verified,2023-07-27
177,Isabella Miller,lucas.rodriguez339@relay365.net,bc1qgrpiubpn3twnotw1nsubz1agzlj75bdlsypp1g,CA,verified,2026-07-17
178,Mason Jones,grace.rodriguez885@hubmail.io,bc1qwsybdesdfcttvf5xxmunm4kjphdyx7owxueice,IT,rejected,2025-07-03
179,Benjamin Johnson,scarlett.johnson330@hubmail.io,bc1qkrn5c6omjli3wfrqmjgt9spr1gz0mlsdyccp9s,DE,rejected,2023-06-14
180,Sophia Taylor,emma.davis606@townmail.net,bc1qiw6cjdo9f0rbomso0f5f263xq6t3zqq6s5syns,SE,pending,2026-11-03
181,Abigail Martinez,liam.garcia818@inboxr.net,bc1qnlkiwbkoc8lyp80un0v3wy2a6w67lhrhtd3bnc,GB,verified,2023-11-18
182,Ava Martinez,isabella.smith763@townmail.net,bc1qhu0004i18ld48kyjudcf8tfaujcp3xlrk3o213,FR,rejected,2024-07-02
183,Olivia Thomas,isabella.moore670@hubmail.io,bc1q21unb69fu4l9py1q8mh75c2jmdwzlx9t7bxtlr,ES,verified,2025-10-26
184,Amelia Williams,logan.martinez738@relay365.net,bc1qjsgs00cmq3q0zjjsi5bn9w2sx0da3o5w4q8o13,SE,pending,2026-06-12
185,Olivia Anderson,ethan.smith366@inboxr.net,bc1qp1t5xlqm5u0di4uf37izqeogomy1ge1lz71n4j,PL,pending,2026-07-23
186,Ethan Hernandez,alexander.martin957@relay365.net,bc1qx4ut28imc64y5n07zgfol8upoounmrouu4sxs6,CA,pending,2025-07-20
187,Evelyn Martin,logan.brown207@townmail.net,bc1qam59i0ym23zh9e2trjhl6bcqj7w36xopm05gzi,FR,rejected,2025-06-20
188,Lucas Hernandez,daniel.williams24@townmail.net,bc1q0vglrppnt2ovf7p7i65qkvxvhqvhr6cr3bnrx2,SE,pending,2025-09-28
189,Ethan Anderson,emma.thomas33@mailpost.net,bc1qbwixy49cdhterzzygmzq2xlnymq7emqtony8o3,CA,verified,2023-09-06
190,Amelia Jones,sophia.taylor743@guardpost.io,bc1qwda15adkja1z13vjx8xl4hxnujgwijxrdfyz50,GB,pending,2024-11-25
191,Aiden Jones,matthew.jackson368@inboxr.net,bc1qz6a9sk5lcu6pqlr5dgk03ry7mg23jrnrpm4zvl,US,pending,2025-10-04
192,Daniel Johnson,grace.johnson460@cloudreach.io,bc1q570de14upy4px9gtllk12o5px6vanj145wp8lz,CA,verified,2023-11-12
193,Daniel Williams,harper.hernandez33@liveloop.net,bc1qzy968e4akr51lxbbxmtq1szx37gt4hp352mnr6,FR,pending,2025-01-07
194,Logan Jones,ethan.martinez500@silentcrypt.io,bc1qvkg0pbkcxbeqme31b2bpa7qh6eby6xn2x1ld54,ES,verified,2025-04-25
195,Logan Moore,sophia.johnson219@liveloop.net,bc1qqi8pne1mqqr4o011b2t0soutinacmmrvh76x8s,IT,rejected,2023-12-20
196,Emma Taylor,ethan.brown479@guardpost.io,bc1qsgnxpvcs7xs2w4ku7g85j45opmtoluljg127q3,PL,verified,2024-01-18
197,Charlotte Miller,daniel.anderson211@guardpost.io,bc1qkva75p6ifzygmjha4o2j9d4h0lqzn3gh7m6cv5,IT,rejected,2026-02-03
198,Ethan Anderson,ethan.jackson173@mailpost.net,bc1q0szf3lgghuau8ngd6hxjs2bknij8vk1vup2dtp,NL,verified,2025-05-21
199,Matthew Hernandez,ethan.martinez452@townmail.net,bc1qnlespvmutgxhl8gjdjznafb43gdlguds035nrm,US,verified,2026-10-12
200,Charlotte Gonzalez,liam.martin227@relay365.net,bc1qt321fycznfsjbzbe63q2pbkvf1058ehjm330o3,FR,rejected,2023-03-26
201,Evelyn Moore,james.smith235@quickdrop.email,bc1qy666o1c5aj38bl60vp7hllv1av47nsf856yx6e,ES,pending,2025-04-15
202,Matthew Jones,alexander.brown668@mailpost.net,bc1qw8t9l4ftm3cmbmdq4ppodd7jb4ltu21drdfl83,ES,verified,2026-01-01
203,Alexander Williams,charlotte.jones43@cloudreach.io,bc1qwmugyve4z21us5v9hccbdegizndpnu025z9bfo,NL,pending,2025-01-23
204,Charlotte Garcia,matthew.lopez206@townmail.net,bc1qnt4qge7cbxe5epmx1tu4swp6rhu4is18z1epvu,PL,rejected,2026-09-04
205,Jackson Williams,grace.miller527@liveloop.net,bc1q1o1theyg1jrimzc1txtwbj3o0h808pmlp8vq74,US,pending,2023-10-16
206,Ava Moore,olivia.moore518@quickdrop.email,bc1qwec5lsefemxcyby4u7omi8nlg5g0wh9qcangom,ES,verified,2024-02-12
207,Lucas Martinez,charlotte.moore340@mailpost.net,bc1q8njgeb1wx1507221pt91vobh6tc9obadldq9ja,NL,verified,2026-07-23
208,Grace Williams,amelia.gonzalez489@inboxr.net,bc1q1jmz8c2e3uc99gwlnmj1jrhmjiuvgd9safljkn,NL,rejected,2024-04-28
209,Scarlett Martin,alexander.thomas623@guardpost.io,bc1q220odydpu63ngzq4eyuwwkbgkof6zzl0zbr2d9,PL,rejected,2024-11-05
210,Mia Miller,ethan.hernandez480@townmail.net,bc1qaq7f3b1jmlydnh4kugf6nvfo3sivp601arzu88,GB,verified,2024-04-06
211,Daniel Anderson,ethan.brown654@quickdrop.email,bc1qfjw1pwly6wzaysjuz5aemg0eljoi3nmpwsn5we,ES,pending,2024-12-18
212,Charlotte Brown,isabella.brown780@mailpost.net,bc1qx5fymh7gzvzmfk7eadvwyu59q2l9aph41j99zr,DE,pending,2023-01-10
213,Logan Jackson,mason.lopez328@silentcrypt.io,bc1qody2pgqtugcw0zze9y7q5xepfnp2t3qe4oq2o6,US,pending,2023-06-02
214,Scarlett Miller,james.hernandez396@guardpost.io,bc1qf8aikf1s2ub38silvz7gu50lrcqyfowmepsazc,DE,rejected,2026-06-03
215,Charlotte Rodriguez,daniel.johnson668@silentcrypt.io,bc1q5jw0qedooqud97hdkjcrm0gjap8aq0r4pm6hae,CA,pending,2023-05-13
216,Alexander Rodriguez,lucas.jones103@inboxr.net,bc1qic7iwq5iq77n0wtywxv84zwb0k56ttf2fe2gb0,GB,pending,2023-08-23
217,Olivia Davis,ethan.wilson836@silentcrypt.io,bc1qbsnxeo1k94xne2pe8mglcbf9aq3m27cinibwfl,SE,pending,2023-09-21
218,Mia Moore,amelia.gonzalez285@inboxr.net,bc1qh69bkjw23t5v1ixs7gopu039s1uwsbxio9usnc,PL,rejected,2024-02-17
219,John Thomas,mia.davis416@guardpost.io,bc1qfuge1w2iopn54mf1vflc2g2sm7pl0ydeseaozd,NL,pending,2025-08-26
220,Logan Moore,amelia.moore971@hubmail.io,bc1qgbbyi0epj4vwvplq0gd3jg2fyoi6nvbgpik69s,US,rejected,2023-08-17
221,Ava Gonzalez,noah.wilson303@cloudreach.io,bc1q35xvf8elq1ewuvj92ajrg3jgxj5unxtn0adh0t,IT,verified,2024-12-21
222,Amelia Smith,jackson.thomas797@mailpost.net,bc1q3caixke6tzm40sgifznvmuee7gotien3hfijzz,SE,rejected,2026-12-06
223,Ethan Taylor,benjamin.martinez835@guardpost.io,bc1q1s53ts0ldjw20s74thomfij5tbq5v9jz9krgsi,IT,verified,2023-10-02
224,Isabella Davis,emma.moore959@guardpost.io,bc1q49cc7p6tl9lb3x6syvt9h2p01qnvrlafgob0d1,NL,pending,2023-05-10
225,Sophia Brown,sophia.wilson836@guardpost.io,bc1qk4f1uqn0ttg6dlqgm99b5nctkrt31mxcpt79d7,DE,verified,2026-08-11
226,Scarlett Jones,daniel.gonzalez323@quickdrop.email,bc1qs2xmr7j2yvunt4kse8kfn1kwdsfo5vfmsrhudn,NL,pending,2023-10-25
227,Ava Jackson,aiden.johnson818@guardpost.io,bc1q7fksmeym2mwfxhjq0ctqnskw7sfg0w8i0tacw9,DE,rejected,2024-06-24
228,Charlotte Martinez,isabella.martin774@quickdrop.email,bc1qu3z8o0qnjixlkwqzp0kwkl61gqqz7wpiyafzzy,CA,pending,2023-04-05
229,Mason Rodriguez,matthew.smith101@hubmail.io,bc1q2xqxo4uoqrkszad2d8je4e83spy1z56ien766y,FR,verified,2026-07-05
230,Mia Jackson,scarlett.garcia652@townmail.net,bc1qmxwalwizauhaj7ra4y3jju8mlxyj8jj4p2p3lu,FR,pending,2025-06-11
231,Evelyn Martin,lucas.rodriguez19@relay365.net,bc1qsb65az0bjs1eewfj1npbpukr13uw15j00kgl2t,PL,verified,2025-09-12
232,Olivia Johnson,logan.martinez303@hubmail.io,bc1q1r86imglvsgozmc9iap5m2ajk03ngrki6rroch,IT,verified,2023-01-19
233,Mason Garcia,lucas.hernandez564@inboxr.net,bc1q8ldosak1p2rujbiwsxci3chu6op2caca8n7asd,US,rejected,2026-01-02
234,Liam Rodriguez,sophia.taylor538@hubmail.io,bc1q77g87z0nhksrm486c43vtzdthtovkvx4ytiaqk,GB,rejected,2023-03-10
235,Aiden Jones,mia.taylor721@guardpost.io,bc1qex31jll4p3wp7l1zmpq00ay4su0ie39vd9rce2,GB,verified,2026-11-24
236,Aiden Moore,sophia.taylor216@townmail.net,bc1qtbw3spbas1h0feqthmdlw5dl60q0g3i59wz5y3,ES,verified,2026-12-12
237,Harper Smith,mia.williams458@hubmail.io,bc1qgaoegn8qh4v8z5m0lv8t77ghu1kankjvicchjo,FR,pending,2023-04-09
238,Grace Johnson,abigail.moore224@townmail.net,bc1qq1epof2voukko03ja1kxsdtr6fnte1vj47kocr,ES,rejected,2026-03-26
239,Ethan Jackson,jackson.martinez112@quickdrop.email,bc1qgmzuqnr40yfbbcepysya8m4tpgpszxc9e1xv6c,PL,verified,2026-03-17
240,Noah Jackson,aiden.rodriguez547@guardpost.io,bc1qhubibwef467ul3j8e63ulpsk9vjjg3oxbwr410,SE,verified,2024-12-08
241,Abigail Wilson,sophia.williams736@liveloop.net,bc1qo1tuk8ajstmgziqb50npg71ctgapcygtcu704n,SE,verified,2024-10-17
242,Alexander Jones,daniel.moore499@cloudreach.io,bc1qyd2mnkripmfbqzlmxps8iip8r381ntmi3rp7di,IT,pending,2025-05-28
243,Abigail Johnson,charlotte.moore197@quickdrop.email,bc1qizspjsud46baboz2uem2v42uvdw3c5s8riz0ff,GB,pending,2026-03-17
244,Noah Rodriguez,logan.brown327@hubmail.io,bc1qk37qd5ocfyam4jt1p7la5d0p4dcl5ha11ittl6,GB,rejected,2023-03-12
245,Alexander Johnson,mason.anderson752@liveloop.net,bc1qulu67jrwtct4e9aol11rlaadmvo41ppxv22y7s,IT,pending,2025-01-20
246,Ella Jones,amelia.rodriguez742@liveloop.net,bc1qg6hle9pph0181xsqkekr72jfzlmbxwri8ky2fb,SE,rejected,2024-11-16
247,Mason Gonzalez,jackson.jones807@liveloop.net,bc1q4m0ivhq1dtea1n15jaudpjtqcs8kg8f18llxuh,ES,pending,2026-09-23
248,Harper Smith,ava.rodriguez820@relay365.net,bc1qi01w4yfc5no0kff5ikfawpye2vqwawgj3ar1vu,SE,pending,2023-12-12
249,Logan Moore,ethan.johnson596@townmail.net,bc1qj98zm6v1yktemqnjnuscjnrljp2zuiadpu3e5y,US,verified,2026-10-03
250,Harper Wilson,mia.hernandez979@guardpost.io,bc1qtwp1i6mx6mmwp76wn2bnis721fsx1yduoxzpcy,GB,rejected,2025-05-07
251,Matthew Hernandez,noah.smith530@mailpost.net,bc1quq6sf0bnnjpej1mgoe2bk64kk96rq5by7nq6k7,IT,pending,2024-09-03
252,Logan Moore,lucas.brown285@guardpost.io,bc1ql4llll3wntkk76jn9z817blsjpkho7zvitmsez,DE,verified,2024-01-21
253,Aiden Gonzalez,benjamin.jackson434@hubmail.io,bc1qosntr52xl5oop3o7azfkh4ztjefl78h2rou1ac,ES,verified,2025-09-07
254,Liam Wilson,benjamin.anderson236@quickdrop.email,bc1qwzg3s2wnfjsrgmdgf4hzlfs03r795pe1qaqkug,GB,rejected,2025-09-19
255,Charlotte Thomas,ava.smith90@quickdrop.email,bc1q7fbobb0ojxnvkyhg1zey34hycmd8ykz2jg6k5w,DE,rejected,2026-07-05
256,Ella Garcia,scarlett.miller96@relay365.net,bc1qi9icst9ir4jr7guesy1rqfly2ctp6vbejw3qf6,ES,pending,2023-05-06
257,Charlotte Jackson,aiden.martinez194@silentcrypt.io,bc1q5wi4ay7hxxc6ky1ztlz9iqqrgyum5gm6bpunxn,FR,rejected,2023-02-14
258,Alexander Garcia,abigail.moore703@guardpost.io,bc1qwhlpafvl9t2mmooor8cnq7x3fqef3pkbyvrmky,FR,rejected,2025-06-17
259,Mason Martin,benjamin.anderson841@silentcrypt.io,bc1q51x59u15uo34gwpyrjajfcisl74lakgo19imra,NL,rejected,2026-10-21
260,Grace Jackson,matthew.anderson827@townmail.net,bc1q645lic36r5blqdrdbeipxbudpx6tvgum4kmn80,CA,pending,2023-08-28
261,Daniel Jones,logan.jones183@hubmail.io,bc1q85irehyf3tj47nn620h2hfi0xanuadu77760vw,GB,rejected,2025-08-16
262,Emma Rodriguez,amelia.davis347@hubmail.io,bc1qo1yeyvtkmmkitq6zif1psa7oly31cx26fpwxy8,NL,verified,2024-03-20
263,Ella Smith,daniel.jones98@hubmail.io,bc1q8k54dalfpc2yr4jgyuvkt1b03r5h8ssqm97hkk,US,verified,2025-11-15
264,John Thomas,isabella.garcia422@silentcrypt.io,bc1qsx5687o4tunkn1stywqpx93ikwe6dbfn69cl9n,GB,pending,2025-10-07
265,Benjamin Martin,harper.gonzalez592@silentcrypt.io,bc1qzqrct7jvrykp4b3oxttz8bmaybweoni470hv1v,IT,rejected,2024-08-12
266,Alexander Jones,abigail.wilson170@quickdrop.email,bc1qt2tr4otlspk9remlgor2nbo187nbx3ohvnft2c,CA,rejected,2023-08-28
267,Isabella Anderson,alexander.taylor856@inboxr.net,bc1qknb4zyc0copf0xxootz0woowk0fpwicsfg50i4,SE,verified,2023-09-16
268,Sophia Wilson,aiden.hernandez777@quickdrop.email,bc1q2e7n7rcubjq2o6o3byk7d66zmck1cqmvfrevvj,IT,pending,2025-09-14
269,Matthew Thomas,ava.miller400@guardpost.io,bc1qarokxjvyru8agwrfhhtcbxl7z812r2vg4m8e3g,CA,verified,2024-06-19
270,Sophia Johnson,scarlett.anderson726@quickdrop.email,bc1qq6c9k1qv7ix1i8npssdysiokiksgsh81cdb6bo,ES,pending,2024-10-09
271,Ella Moore,abigail.johnson246@inboxr.net,bc1qajc1c91kzz1pj6yk55clcyn7e7fidw22g2hbe7,PL,pending,2025-08-10
272,Abigail Gonzalez,sophia.miller93@townmail.net,bc1q4xfgrvrgtu4rlede4ol08fvd1ejmhahw954es4,FR,pending,2026-10-15
273,Charlotte Williams,amelia.johnson767@mailpost.net,bc1q5c2bdx41nzl7b8yglevws0mp3942akptuoqa8r,NL,verified,2023-02-14
274,Charlotte Lopez,noah.wilson533@guardpost.io,bc1qdg2zm9u283qf2xf80dpo11o3wd5x529awg24rl,ES,verified,2023-11-13
275,Abigail Brown,grace.brown802@hubmail.io,bc1qxk7p7uvoymzuwncnkztb2ikortjx1u417s07hk,SE,pending,2024-07-04
276,Jackson Jackson,alexander.williams667@hubmail.io,bc1qpg1ail44o4has6r6kwlte239gz2vwrh4bypt2s,US,pending,2023-06-07
277,Ava Anderson,benjamin.jones513@silentcrypt.io,bc1q25f7xyjc77h8lxqecbt69ia6go0q7lc2b0hitr,DE,rejected,2026-08-17
278,Benjamin Johnson,ethan.williams992@mailpost.net,bc1qgya3zlfbxum414r4nj6s7fvqvr2gg8y1j9eo3i,SE,rejected,2024-01-09
279,Benjamin Anderson,logan.martin948@townmail.net,bc1qxwx4tx6f6nz860ls636tzn7gkf5s0v921uompq,DE,verified,2025-03-02
280,Harper Taylor,benjamin.lopez281@cloudreach.io,bc1qtqmoebhlmz9hafug5mrwa9eug1up92cs91p0gk,NL,rejected,2025-04-09
281,Ethan Williams,olivia.gonzalez895@silentcrypt.io,bc1qn9qgmdnsxzg71ovbqomcle5tf3357mz6tw4wkh,FR,verified,2023-07-22
282,Jackson Johnson,daniel.brown559@hubmail.io,bc1qctgxns1fq670tryx7yqa4d0etf5u1l0py45827,IT,pending,2024-02-02
283,Emma Hernandez,aiden.taylor74@guardpost.io,bc1qwroxigo0wvpcpetjuvyuz1odubvaku38vvbyi3,NL,rejected,2023-06-09
284,Harper Anderson,mia.miller991@cloudreach.io,bc1qhwd2xwi0n46sdq0ai0es6j3bvip2qnxbbdafqc,NL,verified,2023-12-08
285,Scarlett Jackson,emma.moore576@silentcrypt.io,bc1q7j8zavzsvdibeiumus2cyigmdb5dru9096dvmt,ES,pending,2025-07-11
286,Emma Miller,james.garcia578@quickdrop.email,bc1qti3ny75kmnk1q2vlwh6xa174sal6t5isq1kijl,NL,verified,2023-05-08
287,Lucas Johnson,benjamin.gonzalez737@inboxr.net,bc1qrfymyrb9tcxa72brh3fe8m3clevuypmlvf6z5q,CA,verified,2023-05-01
288,John Thomas,evelyn.taylor54@relay365.net,bc1qlltihm3lutlrs2v3dixyc1t1jim342i9nftutv,DE,rejected,2023-10-05
289,Sophia Gonzalez,matthew.thomas134@cloudreach.io,bc1qsflczbnt5aoxu6nf8w3vbx5hv4ifprs9rw07du,ES,pending,2026-04-07
290,Logan Jackson,aiden.gonzalez958@liveloop.net,bc1ql0g0h3jrj7nugm4g14yf9088gvigmzudxhxdvv,NL,pending,2026-09-16
291,Ethan Garcia,james.martinez185@silentcrypt.io,bc1q79lom5eb4kk1g94mo9ojndiiiqzn6b2kr3xoc8,ES,rejected,2025-04-04
292,Daniel Garcia,john.brown887@cloudreach.io,bc1q8a92ia8oxxteba41y9tnlbw1x94523nb8x5c42,ES,rejected,2023-03-14
293,Liam Johnson,noah.thomas824@quickdrop.email,bc1qgsdvgc35lbyx97x51u84rpdxx7m8gg59hml0ir,IT,verified,2026-06-13
294,Lucas Rodriguez,daniel.martin106@hubmail.io,bc1qmmjqi4i2ktkjjvxunjdbdx5x3m29j20vsbh1fn,PL,rejected,2023-10-26
295,Daniel Miller,aiden.williams723@silentcrypt.io,bc1qieqz4j32e5g6ubj3ytfepx3ggmtebwog333yfj,FR,rejected,2025-06-14
296,Mason Jones,scarlett.johnson457@cloudreach.io,bc1qjor8tpfx6icajqb0rx5nvys0dygc65b1epy9qf,IT,verified,2023-08-03
297,Abigail Garcia,matthew.miller14@cloudreach.io,bc1qe7xermq27rn0qr3f1t864s8ouz3au4q15ovu34,GB,rejected,2026-10-18
298,Logan Jackson,john.taylor123@silentcrypt.io,bc1qaghq4bm470j9xevj092glgtgs9n30setvs537o,IT,verified,2023-06-08
299,Liam Gonzalez,benjamin.jackson900@quickdrop.email,bc1q6xq67ng18lhum34k2npxj90fc8sywmot1qur7j,ES,verified,2024-05-23
300,Amelia Martin,ella.martin94@silentcrypt.io,bc1qk3ibh11yrzmczcz18q3z2h6y1eu8qth4wjt0nc,ES,verified,2024-03-17
301,Daniel Moore,jackson.hernandez530@quickdrop.email,bc1qi5monoly21fbnb3trhx8r05rc8hxvulmdu1vqz,IT,rejected,2023-08-02
302,Ethan Johnson,olivia.gonzalez798@relay365.net,bc1qvilnnktlfda2ok5qhh4hdb945inew3d85mzf0o,NL,rejected,2025-06-14
303,Aiden Brown,evelyn.martin815@relay365.net,bc1qopymhr5i9pxour2gn8c6oys5a7xce9xpzjx8s2,PL,verified,2026-03-27
304,Isabella Taylor,logan.davis259@guardpost.io,bc1qt43siuuesw8txhpp3j4kcifezye6c33b7gu1on,CA,rejected,2024-07-28
305,Emma Gonzalez,jackson.taylor120@townmail.net,bc1q8lz6kdfb2cjjjgyithlzuuun6414i92iogdccy,FR,rejected,2024-06-04
306,Matthew Lopez,grace.anderson163@mailpost.net,bc1qk73vo01qo9o6eedbef09vpkdibakcju1lj3twb,DE,verified,2024-01-22
307,Logan Davis,isabella.martin741@silentcrypt.io,bc1qzolioy6msww5ihm5e0gn25cj9wni25yp7ge516,PL,rejected,2026-10-04
308,Charlotte Miller,amelia.gonzalez28@hubmail.io,bc1qbdoddyzml76zo2mx0vr7p5ofvu5ay8vcwzj6ip,NL,verified,2026-09-09
309,Ethan Rodriguez,isabella.gonzalez139@cloudreach.io,bc1qidfa31l7hvuvjhvy67brpnh31acg5hbdzxbs9f,SE,verified,2026-06-02
310,Abigail Moore,logan.williams830@inboxr.net,bc1q1aakfuxsfcy6dngcmu2f3tibyvpqymw2j8qyfa,PL,pending,2024-06-01
311,Mia Davis,daniel.johnson337@mailpost.net,bc1qhdpv4a8368gjeh07euzb8r5jrjsewstocxljg5,US,verified,2023-07-25
312,Sophia Taylor,matthew.garcia763@liveloop.net,bc1qnlyq4avwyf5eqybc4a8xgj18ua80mdncnxg3vr,SE,verified,2023-03-27
313,Matthew Wilson,benjamin.williams820@quickdrop.email,bc1qs4mdxfbm8ux8wjtn2g164czcv029cnd6ggd2sa,ES,rejected,2024-01-23
314,Charlotte Smith,james.rodriguez254@hubmail.io,bc1qackp3eo6g4gvvntnq4xar70ytm45x42myv2zco,GB,verified,2024-08-05
315,Evelyn Moore,logan.garcia368@cloudreach.io,bc1qur4ebwnbnyz23bgbhn0f3bftwwrqxv4f7ae2h9,NL,pending,2025-09-24
316,Benjamin Jackson,abigail.miller321@hubmail.io,bc1q785rvr7augi63adcj9dxs46jmskdhf74s7ckjd,IT,pending,2024-11-08
317,Charlotte Smith,scarlett.wilson15@hubmail.io,bc1qz8zq4ca65acjivdogl57szlaeqd4w44j4qn6if,DE,rejected,2025-01-19
318,John Garcia,john.hernandez484@inboxr.net,bc1qy4f47uf14sl1mvmrbryvmhdzctldzht3njlz8t,DE,pending,2025-03-04
319,Scarlett Johnson,alexander.anderson565@relay365.net,bc1qvt5k6bsv3pvq9u1e6fyw5uklrr93jw7qidpfdl,DE,verified,2025-12-24
320,Jackson Johnson,isabella.garcia554@inboxr.net,bc1qlhe8oej6pw3i2pnpkxwndkajymjpg8c0ijhn22,ES,pending,2024-06-15
321,Amelia Jackson,mia.martin92@mailpost.net,bc1qt4q4f0dqvq2aiws94s6tvpe2jj0xfjbaxed59i,SE,pending,2023-04-04
322,Aiden Taylor,aiden.rodriguez934@mailpost.net,bc1ql8mdv84ssztvk6uve11jfa9mpl9vdlkw5emimr,CA,pending,2024-08-11
323,Evelyn Martin,olivia.lopez702@silentcrypt.io,bc1qpddqfpxy9jpykwd39cocr9uqy7crvjhwg2lbj9,GB,pending,2023-05-13
324,Harper Smith,mason.taylor650@liveloop.net,bc1qd766t2asyx8ma0kao9p3q4q8ga4n2ab66tl1bj,US,pending,2024-01-17
325,Sophia Johnson,charlotte.jackson139@relay365.net,bc1qebi6r2xd6txyfiien4phmb0qfuoe5mjzuvqks0,DE,verified,2026-05-10
326,Harper Smith,emma.thomas894@cloudreach.io,bc1qwx2lc0c02banasu7yne7in77jwba1rxyf9tkxc,FR,pending,2023-12-18
327,Liam Moore,mason.jackson191@cloudreach.io,bc1qz61eyzk70plf8mk1ae8omq89d0dp2xssfwciji,NL,rejected,2023-04-10
328,Benjamin Johnson,scarlett.moore3@silentcrypt.io,bc1qrm1qo8jmlkrxnu7t1hktzd45ymu8czi9b3m9xu,ES,verified,2026-08-05
329,Mason Taylor,ethan.garcia435@cloudreach.io,bc1qvtmggq5eqimjrwd7gxgrertcsgudqc3m35c4w8,GB,rejected,2023-06-26
330,Grace Jackson,ella.johnson536@quickdrop.email,bc1q4gv000l7ntyk8w9g6g0cfyy6sl85tpmpl02d48,SE,pending,2024-12-11
331,Amelia Lopez,ella.wilson499@inboxr.net,bc1q38iu39i7571dnrnz8rsf6kxpujx0uo3e75i3ph,ES,rejected,2025-03-24
332,John Miller,charlotte.brown911@silentcrypt.io,bc1qjg7lktsoe6o64fcuqjs0iheosk09p42uh0r2fi,PL,rejected,2026-08-18
333,Ella Lopez,amelia.martin672@quickdrop.email,bc1qcc6wtb4qt47tgzjoztrmricpp6rxyr59wyrmou,US,verified,2024-04-06
334,Jackson Miller,sophia.davis597@hubmail.io,bc1qth3lq42ae884on6scsueixrr2hqyf34p2d4drh,ES,pending,2025-08-11
335,Ava Jackson,ava.martinez50@liveloop.net,bc1qm7tn4spe08hk4twyqpjfe8gpk1wrt7cgmolis8,SE,pending,2026-04-05
336,Ella Davis,emma.moore680@cloudreach.io,bc1qg9exovuinhqbh1n9xn8ar0e2dfmlljas7rdkqt,FR,verified,2025-01-14
337,Ava Thomas,benjamin.miller660@guardpost.io,bc1qb9bbzuapc4vy4q2kjladx24ypf32ex24240iwr,IT,rejected,2024-03-03
338,Lucas Lopez,matthew.lopez225@mailpost.net,bc1qjtqvf8y5b9bixero9r5j9gw085ilchvjz5belt,CA,pending,2023-02-03
339,Daniel Davis,noah.williams914@mailpost.net,bc1q4ul82l06lztkyew9n0hd177g5rcool6esm5wm7,ES,pending,2025-07-22
340,Jackson Brown,aiden.thomas155@townmail.net,bc1qk7ie75jjiq87ri4lcx0qvawzjxeqtdwfs0a73b,DE,pending,2025-05-18
341,Alexander Lopez,logan.williams22@cloudreach.io,bc1qoo5i5v0muw148hl10tzqs1quizihhs97ynzimz,ES,rejected,2024-03-01
342,Ella Smith,ethan.jones507@guardpost.io,bc1qouzedqud1j1dw23hvq8lka81riu3ucln289npe,DE,rejected,2023-05-08
343,John Anderson,olivia.moore426@hubmail.io,bc1qas6x3onm00xxz3wih68bj8adbxw93mv8g2t1x3,DE,rejected,2026-10-26
344,James Taylor,ethan.garcia160@hubmail.io,bc1qqpof4nqrooxtxleg8lswjrm1zfvoa0b6nkhqxu,CA,rejected,2025-05-10
345,Sophia Jones,noah.davis565@liveloop.net,bc1qix0i4apteqxtsj5dtnrca7xzhkgzdplmya84qy,SE,pending,2023-02-13
346,Mason Martinez,olivia.jackson768@relay365.net,bc1qwb56bf6ipanrswttussisr9hmba2g1lg7gplxl,DE,rejected,2024-03-14
347,Mia Anderson,harper.jones731@cloudreach.io,bc1q0pmvm1ofb7ipnqosjncgjebiu3v7x6a3wd4qg2,GB,pending,2025-06-06
348,Sophia Miller,benjamin.anderson206@hubmail.io,bc1qp7nmllu093f85qanoqkpgqgz39gs2oisywzez1,CA,pending,2024-03-01
349,Ella Smith,ella.lopez266@townmail.net,bc1qav6rqm6oug5qeenjexiotgxnhb6uyf83bfy67w,GB,pending,2023-02-08
350,Isabella Moore,olivia.miller816@inboxr.net,bc1qauoydq8ztr4htsxn0e9nc5rnca70qfkil5tsd4,US,pending,2023-08-27
351,Ella Anderson,isabella.miller758@liveloop.net,bc1qgb68pvx3japbd7lnm03oge74mrbv2nm8roljm6,FR,pending,2023-09-12
352,Harper Hernandez,alexander.thomas825@hubmail.io,bc1qzqoxl4faz9wgr1hxtvbsqkiaytlh9vhn6vyj7a,ES,pending,2023-07-17
353,Evelyn Hernandez,ella.wilson831@liveloop.net,bc1qd6mtfj6xsdmgvd0rtbycn4c60xw89enlnkfrva,GB,verified,2025-01-01
354,James Miller,isabella.wilson776@guardpost.io,bc1qzhffdt3tvlvlal331rjx4zoa4vadcu69spvwib,DE,verified,2026-01-09
355,Liam Martin,isabella.jackson662@guardpost.io,bc1qhohtokdo7wn214krhdykzy10079e6msbstyzjb,FR,rejected,2023-07-06
356,Charlotte Thomas,noah.martin469@liveloop.net,bc1qby18h4sq0n6oi7mr326gif9ku816ct397thfh8,DE,rejected,2023-08-18
357,Olivia Taylor,olivia.jackson66@guardpost.io,bc1qbu4ziwislunbo9b1syap98ndsp7macqhl4om4t,SE,pending,2024-11-02
358,Emma Lopez,grace.hernandez503@townmail.net,bc1qf1jyz75ehus7duubcdqoiv92iy3drepgz967b5,NL,pending,2024-07-03
359,Amelia Gonzalez,benjamin.davis741@inboxr.net,bc1qlr3j2cxs4in6cp88rq917hm9ehq7hdqcozupbg,NL,verified,2026-12-14
360,Emma Anderson,aiden.johnson578@mailpost.net,bc1q7c4zbgee7j2ralaso7pu9wt78ucw6xftz8y7ys,NL,rejected,2025-03-21
361,Lucas Hernandez,alexander.jackson568@hubmail.io,bc1qgwh8j57e5p7w8g9qb3h7akbkbzxzmkvhwojrz7,ES,rejected,2026-01-11
362,Noah Hernandez,charlotte.jackson141@hubmail.io,bc1q7pfopac75r594rjk8diag83i6zlfb106fsz2ch,PL,verified,2024-08-11
363,Ethan Smith,isabella.smith267@quickdrop.email,bc1q6cjdsbhwde5o8v5qiyd5bkqo388y2joub3v7rx,ES,pending,2024-02-27
364,Ava Garcia,lucas.thomas77@hubmail.io,bc1qatbe7sl4n7nf0tx81otmhuzcm8hbuiyy98anaq,US,rejected,2025-12-02
365,Emma Smith,ava.rodriguez817@townmail.net,bc1qhl2z4tj5h9jcwjq176t2de8kru6711hl2lgxhw,CA,rejected,2024-01-07
366,Isabella Anderson,james.hernandez633@guardpost.io,bc1qzeh01hvwsf2q9phf0c7mbq4pnlthn3vjh7n060,FR,verified,2024-07-27
367,Grace Rodriguez,liam.lopez892@townmail.net,bc1qhl57s97iz5k4augcnu1onqttnhor5toxp82o7v,DE,verified,2024-12-10
368,Liam Garcia,sophia.jackson903@inboxr.net,bc1qk23r8qdl9mr7d7c1rq7n6rzqzqkivw99arknj4,CA,pending,2026-12-28
369,Aiden Martinez,matthew.gonzalez901@cloudreach.io,bc1qwa3thfwjc23utbgn5mdak0eendakxmldxrdarq,DE,rejected,2025-02-23
370,Emma Rodriguez,scarlett.lopez888@hubmail.io,bc1q0hyvxu2mqpq27ujqd71pi6aa1plku8nyzh81ve,CA,rejected,2024-07-06
371,Mason Davis,mason.thomas640@hubmail.io,bc1q8x24hanu7bqg4fg7at9e8wmnv5v6cdso7iq029,ES,pending,2025-06-08
372,Evelyn Thomas,mia.moore347@quickdrop.email,bc1qapyfdwxcbjn6zzmf4zxnnunwxnr1ly7i9etl5d,DE,rejected,2026-07-25
373,Sophia Williams,lucas.rodriguez993@silentcrypt.io,bc1q1ketgldth8rnlve3b6akk50urxfgpo4vhfijrp,ES,pending,2024-08-21
374,Alexander Moore,liam.martinez681@quickdrop.email,bc1q9anr6w820o83jl4n6m7t9s8eavkrgu3bqjlpyd,NL,pending,2024-08-04
375,James Brown,abigail.rodriguez190@liveloop.net,bc1qvskrff9btk4eeu2ssm6r0ih3yymi820grzxyba,PL,pending,2026-07-02
376,Emma Moore,james.smith984@hubmail.io,bc1qobs7adg8lhqqujrhev3sii2x8ae139b5r4ndji,IT,rejected,2023-11-08
377,Ava Rodriguez,ella.rodriguez836@hubmail.io,bc1qxuhsi88a0koju0kqijbyfnqnav98pbq2wxody7,PL,rejected,2025-12-02
378,Jackson Miller,jackson.hernandez676@mailpost.net,bc1qkopag8iuvtbrhk9vuxeon9popqb72le4kd2rnn,US,verified,2023-06-26
379,Aiden Jones,matthew.moore447@cloudreach.io,bc1qfkuj24rd0o143m02patwd4b0cuwu6t1ymh51xo,CA,verified,2026-01-17
380,Logan Johnson,harper.martin356@quickdrop.email,bc1qmzha38awyt9yzadh7bsg3n6gsajtegih6fjqcx,NL,rejected,2024-04-05
381,Ava Rodriguez,mason.martinez120@quickdrop.email,bc1qz6ozohcjeupwq7wn5wegjcddrr904b6z9cusw8,FR,verified,2026-02-27
382,Emma Martinez,daniel.davis239@hubmail.io,bc1qap69g4dua21lbwczfj41r0xwi00ac8x31vvptl,FR,verified,2026-08-18
383,Grace Garcia,ethan.anderson518@quickdrop.email,bc1q83zl6sg3rfgn1z2ts2yktn1qiew2hvcrxofex0,ES,pending,2026-06-19
384,Noah Gonzalez,sophia.johnson616@relay365.net,bc1quk2p64qkqqwx39ms7366zt3yjppa1u81hir9gp,CA,pending,2025-01-28
385,Sophia Thomas,isabella.wilson10@liveloop.net,bc1q2juteod4rybu4x60vk746c9quwz0w1jyp4rh4d,NL,rejected,2026-07-20
386,Mia Johnson,aiden.garcia908@cloudreach.io,bc1qrtf6j40v5zaym4a9ks7dpjeclooyjxhzqt4b7e,FR,rejected,2025-01-15
387,Logan Anderson,olivia.anderson282@mailpost.net,bc1qkkrtqj8ewfpjsi56y5tm2jwuylqjr2mkt809od,FR,verified,2024-07-21
388,Abigail Moore,aiden.johnson836@cloudreach.io,bc1qzwsl3fasikkeh120mhqdw8h82nklg3cwnu6fyc,NL,pending,2024-04-26
389,Alexander Williams,charlotte.williams47@relay365.net,bc1qtuqsohnpcix5ne4bwf1pcilcixhzlnyt7e1l3u,US,pending,2025-12-27
390,Daniel Moore,daniel.garcia220@guardpost.io,bc1q453vd2nsv26jtfjuve9g32hbepgvnis0kb8gln,GB,verified,2024-03-24
391,Olivia Jones,ella.taylor774@guardpost.io,bc1qk6w4ubxza90uxjm5ja0nvqzz41g7gtjrob6p74,IT,rejected,2025-06-26
392,Abigail Gonzalez,abigail.jackson497@hubmail.io,bc1qnad744gnnon9xftov4jxf3duh9jtjqt8783kbo,PL,pending,2026-10-19
393,James Thomas,john.martinez168@mailpost.net,bc1qyvoopexhxj0r87nc0d24fsiyapzc8mh1a1tzy1,GB,rejected,2023-05-05
394,Olivia Martinez,noah.anderson383@liveloop.net,bc1qkopz0u0p1t9ctklgrbzgdbd8djjume5m0twl52,GB,rejected,2025-04-24
395,Alexander Lopez,daniel.williams204@relay365.net,bc1qrtchsv6iywnivghqi8z63nkquhgkbww7znw3u0,GB,verified,2025-11-01
396,Abigail Miller,harper.johnson482@inboxr.net,bc1qmurrua6jufe7a24khpp2b52wygiyk03ytuom6b,FR,pending,2025-11-12
397,Harper Lopez,benjamin.miller812@relay365.net,bc1q7m43o8it00w2bge4atlfqfp7opqvlow3cb8k62,IT,pending,2024-12-02
398,Evelyn Lopez,ethan.jones559@hubmail.io,bc1qtzuwehq79ysg6ru9qibcorzlbmni5lzzypomm3,FR,pending,2026-05-06
399,Evelyn Jackson,charlotte.martin381@relay365.net,bc1qs1zsm3enk81boynkxg6vf8dsuqy254q83tizzk,US,rejected,2025-11-16
400,Isabella Johnson,aiden.lopez46@relay365.net,bc1qwiqegidluesia0ffc2pletmj1bi2yig10ykfic,ES,verified,2023-09-19
401,Olivia Martin,liam.davis859@inboxr.net,bc1qirqyjgwgcna2kxsfmsqw6oevpegfp1dcuuwdyc,DE,verified,2025-02-16
402,Alexander Lopez,isabella.hernandez435@guardpost.io,bc1qj4z9r3h783az7usqcnpo9rifb1k94oszt1kkks,DE,verified,2026-03-12
403,Harper Wilson,amelia.johnson52@quickdrop.email,bc1qtt8aiym55b1oa8lfb3zpu9ag6vl89p564x652c,GB,verified,2024-07-08
404,Evelyn Anderson,liam.lopez352@inboxr.net,bc1qis0zhbeaveiq09kd62nn7ube7xe2txzzholiav,ES,verified,2025-12-06
405,Benjamin Moore,daniel.lopez910@cloudreach.io,bc1qefwa4h5o1oexj3xwh9p0x169zdtqa368los8uh,FR,verified,2023-05-15
406,James Garcia,alexander.williams82@inboxr.net,bc1q25mngckvy8xvx7uvz1ithuxhlxb560acaiz6h4,IT,verified,2025-07-27
407,Logan Jackson,lucas.miller968@liveloop.net,bc1qbkyw1e0erxwxjc1hguiv8hkgqv36p1xrs7jzm3,SE,pending,2024-04-02
408,Abigail Jackson,abigail.rodriguez67@silentcrypt.io,bc1qe8iwdvcpa2jfrh6lrmm46z8j9ln5kvis47oyl1,ES,pending,2024-11-18
409,Isabella Jones,ava.brown212@quickdrop.email,bc1qlufew7bdst2up1i6lyacp65cpb3dcu5h41x5jf,IT,pending,2023-03-22
410,Mason Hernandez,harper.moore260@townmail.net,bc1qqd5drgdupkb0y6u85fmsi2utwqug9b4ehmqplf,CA,verified,2025-05-01
411,Ava Hernandez,benjamin.lopez903@silentcrypt.io,bc1q6udkz48ksify0v8ycjozrz94hnz4klg8agwgjk,CA,verified,2024-10-13
412,Sophia Lopez,ella.lopez40@inboxr.net,bc1qnsjr3lk3tyijwk26ipd5sqjnpoecdc0v3s2tze,US,verified,2025-02-25
413,Ella Miller,isabella.lopez371@hubmail.io,bc1qiurgiyandrx5g1vi2x8u2quhv9sna104c812u6,SE,rejected,2026-12-06
414,Mason Rodriguez,jackson.moore732@cloudreach.io,bc1q3fe4xwbsofo8f7j1z7iyuzxbsh0clf609xyw96,PL,rejected,2025-06-11
415,Olivia Brown,liam.martinez603@townmail.net,bc1q57glyap7i4wgtpjfvbio70h1987284w1357tb1,NL,verified,2025-10-05
416,Jackson Anderson,daniel.johnson121@hubmail.io,bc1q8cmxcyssy8a0n8569g60b49bwgmc90q9jb0c5p,DE,rejected,2023-03-17
417,Daniel Gonzalez,benjamin.davis967@liveloop.net,bc1q2g0mrw0k6qenrdnamdi5e2dypyhxlqyub46eyd,GB,verified,2023-07-03
418,Ella Taylor,alexander.gonzalez814@cloudreach.io,bc1qltftzvnno8ynb6cre1sqztwt6smgtehxfslbp9,GB,rejected,2025-02-12
419,Evelyn Davis,jackson.gonzalez846@mailpost.net,bc1q4lafuv0t23bl2ur4x1e0fugxb7npbv6zhscq4o,CA,pending,2025-11-24
420,Scarlett Smith,matthew.jones349@liveloop.net,bc1quim59ffqpwb4jj4aop13u8vfwf1y2tv6i11f45,US,rejected,2025-10-08
421,Scarlett Martinez,ella.martin468@hubmail.io,bc1qyatt05tqud797verukxd2x91nf8ycmlli0aci6,DE,pending,2023-05-23
422,Harper Miller,ava.wilson705@liveloop.net,bc1q7axinxy6ewxuxejqck9rpqaoxz8jlkyblzx187,CA,pending,2026-02-22
423,Noah Jones,mason.brown659@inboxr.net,bc1qqpqsu28gii1hg8wbl35bx3tdetzlymxm9ydxsw,GB,verified,2023-04-20
424,Evelyn Wilson,ava.anderson318@inboxr.net,bc1qfrxh5wox1h5fi2o9cy8vyzs86t3aljj3ifnocy,FR,rejected,2023-09-08
425,Benjamin Johnson,james.taylor8@liveloop.net,bc1qpf7ssmp4pauzw1989ahwc29915xnuog81ts0m0,CA,verified,2025-11-27
426,Abigail Smith,james.moore173@mailpost.net,bc1qnsqqbos2slj6szfrzfs4o24os3iv9ozr107can,SE,pending,2026-07-27
427,Grace Johnson,emma.moore248@cloudreach.io,bc1qisax0e3bqyw3jfw1gohzbn3lmywxl23rzofo41,NL,pending,2025-05-03
428,Matthew Davis,matthew.garcia771@guardpost.io,bc1q4yz34dit1wisqnn4y1g84mybw2k3t6dp8owbej,GB,verified,2026-04-23
429,Ava Miller,benjamin.martin386@quickdrop.email,bc1qlm9r6ia92ujwdv5imh53iv0ik2336wdj1e2me6,SE,rejected,2023-02-19
430,Lucas Hernandez,mason.rodriguez844@mailpost.net,bc1qyere4llmwrv7ubgc4jpb6tfixkzspn7b7tvt30,PL,rejected,2023-11-28
431,John Taylor,ella.martinez75@mailpost.net,bc1qg7htsscwnxj4ogrngnb43dcagzrlonukur68kp,DE,rejected,2026-07-14
432,Jackson Rodriguez,matthew.jackson347@hubmail.io,bc1qlo666gijd498mhhrlnwjxcdnh52asslty5wm2o,IT,pending,2023-08-05
433,Amelia Moore,emma.gonzalez416@liveloop.net,bc1qkqeeqy7r6cvxeq2z0q7nww1wu53rb0e7pq7tnh,GB,pending,2026-02-02
434,Noah Rodriguez,amelia.thomas6@guardpost.io,bc1q93oikkc5yq9pxy9c1n5y4ooxcnkrvfoqdxmlqw,DE,verified,2023-03-09
435,John Thomas,ethan.davis722@inboxr.net,bc1qwjlkr44ez7bxqrbn1lgkkdmgp3g0p0lcm8j6d2,CA,verified,2023-10-25
436,Daniel Brown,olivia.garcia34@inboxr.net,bc1qj2rer9m9nwx0xtcalki1t7xo529uv9ul6sipr0,SE,verified,2025-05-25
437,James Lopez,ava.thomas755@hubmail.io,bc1qz2o18tu123ym5hzurrugt8g4665sgmwouirtmo,DE,verified,2026-09-02
438,Ella Thomas,charlotte.miller83@townmail.net,bc1qi8e7tzeromce842kypsyhkztvu1cxfxet49eep,GB,verified,2024-10-05
439,Matthew Thomas,aiden.gonzalez53@townmail.net,bc1q8eoqnhagjq50dtcq3ks2cz0xpemfti6e7wizyw,SE,rejected,2025-02-02
440,Amelia Taylor,scarlett.hernandez885@silentcrypt.io,bc1q2vsrt8pqcswiem21xmlu7s1onmfar3p5qre9sl,NL,pending,2024-02-20
441,Logan Smith,olivia.gonzalez112@relay365.net,bc1q18320tygggz2h8bx0m7j5jne8zo7c09rc2y4x9,US,pending,2025-02-24
442,Emma Taylor,harper.davis771@hubmail.io,bc1qtmsav09v6iwqe9nheb7civiag0gil2gbru5v9z,US,verified,2024-09-02
443,Logan Smith,noah.williams41@cloudreach.io,bc1q0m9exffmi3cxsjke0wj21vxk2t088ci6dquuyl,US,pending,2025-04-18
444,Noah Rodriguez,sophia.johnson652@silentcrypt.io,bc1qpwdy9pqdxln7zsy0tm6k7uj9i7slzxhpldczci,GB,pending,2024-10-02
445,John Martinez,lucas.brown716@mailpost.net,bc1q86kbdcnqijcmt0i82dmivw3p0gpci4onmwo8fq,GB,verified,2026-12-23
446,Isabella Anderson,daniel.jackson612@guardpost.io,bc1q1rurdxyk6ly70e6zoidmkr6eddlsz290on99vq,FR,pending,2026-10-16
447,Grace Johnson,lucas.martinez29@inboxr.net,bc1qd462ez54eif9y1k4m5qlj21lkkzri0ifsjapcx,CA,rejected,2026-09-23
448,Abigail Miller,evelyn.taylor425@liveloop.net,bc1qmuwubeub2c26yfynwip9ao5p43uzitxfuxjzyc,US,verified,2023-03-26
449,Ethan Anderson,ella.gonzalez416@quickdrop.email,bc1q9dzanwt6ty9g3c8h5qf1twpnvv1zzrj3u0s86q,PL,verified,2023-02-14
450,Ava Davis,jackson.thomas598@guardpost.io,bc1qu04ljuan5k0wff622cdbutac14lm0qnslbob4q,FR,verified,2023-05-11
451,Isabella Williams,benjamin.rodriguez48@quickdrop.email,bc1q1pz17urb7ced1f6wpnbarvr8sluiawwts28l7j,IT,rejected,2024-09-24
452,Charlotte Thomas,benjamin.johnson775@cloudreach.io,bc1qhkf00yrd1lir13vj95ahbiju43qw8fodra8bmy,CA,pending,2026-01-07
453,Charlotte Rodriguez,lucas.jones569@liveloop.net,bc1qey5rp8puc5ggovm0phl3dkw95a6rznc4sasfs0,NL,verified,2026-10-07
454,Jackson Thomas,matthew.martin753@mailpost.net,bc1qzd1sgof8909ls423vfrwz29bgdc7yqza3knswq,CA,rejected,2024-09-03
455,Liam Anderson,ethan.wilson937@guardpost.io,bc1q90zf02t9srx2647l00epdcv9m8jsxwjy0h21bi,ES,pending,2026-11-06
456,Ella Lopez,liam.smith307@guardpost.io,bc1qwt7jglz5ywxrtvcmdzehkll92i54xal5p5373u,IT,verified,2024-10-23
457,Olivia Martin,grace.williams419@cloudreach.io,bc1q7uv8mm2y2lahr6fg6ucw27lomkn0of79v35y68,DE,pending,2026-02-20
458,James Davis,jackson.brown225@inboxr.net,bc1qknuj1r4yqnbs0a50qt9vinis0ps4mrpd06qhms,ES,rejected,2025-03-24
459,Alexander Jones,emma.moore244@guardpost.io,bc1qb8gw5yg3hlvgovq8xbfjq81kkz56q0ygw6sv1f,SE,rejected,2024-03-04
460,Lucas Williams,liam.anderson20@quickdrop.email,bc1q0kebg0cak4pkrnjr1r237q2c0ccrconimoliio,DE,verified,2025-07-17
461,Amelia Miller,abigail.williams354@guardpost.io,bc1qkq0byov3z46s1skqtzm37vvxb1wkyqusw6o574,SE,rejected,2026-12-13
462,Evelyn Miller,mason.lopez464@townmail.net,bc1q74uksxzjf8jct9av34app0tw2fnqrereii6hju,NL,verified,2026-06-13
463,Emma Moore,olivia.anderson359@liveloop.net,bc1qnqjpv5pt1br77qroocoa2sui0co2t103olsrgv,PL,verified,2024-09-16
464,Harper Lopez,noah.martin812@silentcrypt.io,bc1qt07jyqynko14bihwnyu4rcifoc3qr2vqpmo8wi,IT,rejected,2026-11-07
465,Scarlett Martinez,alexander.johnson620@relay365.net,bc1qs1adt0doeqekf9r0ynhee5hadjfzbb9y8zny30,FR,verified,2025-02-07
466,Emma Gonzalez,aiden.rodriguez442@guardpost.io,bc1qxyjy5dksd6rhtdd7z6s1s6p2rdi941rre4clr1,IT,verified,2023-03-25
467,Daniel Martin,noah.wilson861@mailpost.net,bc1qsbqzhbf4f6iwazduffsyff7w6pncdk18umrl1q,FR,verified,2024-06-18
468,Matthew Moore,alexander.martin34@silentcrypt.io,bc1qnpze45wfno8lrg1qfg73pmmd69lpoq0gwrns5i,US,verified,2023-04-24
469,Ethan Johnson,john.anderson606@inboxr.net,bc1q3s9t1swg1kqux8wdkk12c7ov19r1qtut6ykah4,SE,pending,2025-11-06
470,Sophia Thomas,ava.johnson771@hubmail.io,bc1q3zewxy7xrw2xk7rmhamzb6w2dcvohs32hrr923,NL,verified,2025-01-02
471,Jackson Smith,liam.johnson947@guardpost.io,bc1q662ec3bidhcjz43wlhfianzdqe3jcoq21tk0ma,CA,rejected,2025-01-18
472,Ella Jones,james.smith891@mailpost.net,bc1qc0jyipbigr1s8ru5bow0gqixu9ft647ol8dm3k,DE,verified,2025-05-11
473,Lucas Brown,amelia.davis908@inboxr.net,bc1qyrss5e5iwquz76k61jz6izmo75u1f5fyyhy7uo,CA,pending,2025-08-23
474,John Anderson,olivia.thomas959@inboxr.net,bc1qwwvx33vvbgttzcpb7vw8m0dbhtsf6fa7m69cxb,GB,rejected,2025-02-10
475,Evelyn Rodriguez,abigail.wilson565@quickdrop.email,bc1qq1x4v9mnhevfxgne9zdzddur1ubrm4zeqcdhfj,CA,pending,2025-02-12
476,Ella Rodriguez,liam.miller943@inboxr.net,bc1q1bxpzeecc415oz99zjg4cau1e8zehd6uje6bw2,PL,pending,2025-09-26
477,Grace Moore,liam.smith779@inboxr.net,bc1qqm6guncksfw96ddjdgwgzh2b2dfznw52ylrtbs,SE,rejected,2023-10-25
478,Olivia Smith,alexander.gonzalez167@inboxr.net,bc1qtmsz8ogcqbig34mj2tb0slq96bsewkcddov0re,SE,verified,2025-12-15
479,Charlotte Moore,daniel.smith95@inboxr.net,bc1qto3onj3jwwm9vawue4znma3thepw3yux05pbrd,US,rejected,2026-07-05
480,Lucas Taylor,ava.davis868@guardpost.io,bc1qi5i9p2ja0fv1nsrbdwtskg38fjw75driq6d4ln,NL,verified,2026-04-23
481,Alexander Rodriguez,abigail.taylor872@guardpost.io,bc1qx34ogwlae5810b0llsbwceemdbx4s8jwflf7am,NL,rejected,2024-11-21
482,Daniel Gonzalez,liam.williams346@inboxr.net,bc1qygzp214iglb66o78vdzy9wrt7i9hwc950fdzvi,PL,pending,2024-06-13
483,Benjamin Garcia,jackson.anderson35@cloudreach.io,bc1qpcht1ry0fy3dkg0e7yj9v1lgtv3gd1aqpdwgrv,ES,rejected,2023-10-07
484,Lucas Brown,harper.martin456@relay365.net,bc1qozq7smsx145vrtqyinm82rbfhx534yuzyx5ukg,FR,verified,2026-07-22
485,Evelyn Davis,emma.moore307@guardpost.io,bc1qq8mn74fivx8ei770z0e3fv5ygliiolwu72ivh5,GB,verified,2024-10-22
486,Mia Gonzalez,jackson.smith51@hubmail.io,bc1q2ktuv8qftlp4x5qkx5pxlrhoqz0t8xgu8ii0gx,NL,verified,2026-12-14
487,Ella Johnson,aiden.brown289@silentcrypt.io,bc1qpb8lzthv3hp8docdi7a6m90xmr5cqlufr9jd8c,FR,pending,2026-03-21
488,John Jones,amelia.hernandez339@liveloop.net,bc1q3tr323o4yo2ye1x3eowzbl9up72oucdivpr2jq,FR,pending,2025-02-06
489,James Martin,aiden.davis913@silentcrypt.io,bc1qakxcptg6r66ptlgikqghinvkt1atvlu1y2nfzk,PL,rejected,2025-03-26
490,Harper Wilson,grace.brown141@relay365.net,bc1qw4f3t6mr60zcy7dyhglfv30ijwiqze4w30bxce,US,verified,2026-08-21
491,Evelyn Anderson,abigail.brown50@quickdrop.email,bc1qdj5tuq379675mv27m0y8x1jhql6kulzs83z48t,DE,pending,2023-06-01
492,Benjamin Brown,matthew.lopez847@liveloop.net,bc1qffhd1h52fg1duxua2z6vt2wcc7xzm5log5i23i,US,rejected,2023-10-08
493,Benjamin Martinez,evelyn.thomas175@quickdrop.email,bc1qsa0wz4wtz5fmpoharq8mm4msie8a06z7m630ge,SE,verified,2023-08-08
494,Isabella Miller,ava.martin168@relay365.net,bc1qfq7hvcurdml56lsshwbnbvrqbxf4ql4bu0g3ok,NL,rejected,2024-06-27
495,Charlotte Moore,jackson.taylor700@inboxr.net,bc1qf6q5toa5sp7ylioa8zhzqw3y1sd6soowzr9dha,DE,rejected,2023-06-20
496,Noah Johnson,emma.davis759@quickdrop.email,bc1qvwt7geijemu77xpv9dxgqhvpugtjjreuuve741,ES,rejected,2024-07-12
497,Aiden Anderson,james.johnson786@cloudreach.io,bc1q353s8dk61hiunc2u2ygr4mi2vlpk66yjm681np,FR,pending,2023-02-04
498,Ava Davis,evelyn.williams931@inboxr.net,bc1qoqkgoavosafs1qevaf1lu7am1ifv3gvlsket2m,IT,rejected,2025-01-05
499,Emma Anderson,john.garcia46@quickdrop.email,bc1q8egvs26gwchwqbscx1fwe2v6c9rsrcafosza7s,SE,verified,2026-09-28
500,Jackson Davis,aiden.martin500@cloudreach.io,bc1qefjns9370paz2q5yk8rbfu47pd8ucw3vrjrxx8,ES,rejected,2026-04-05
