msisdn,imsi,imei,name,email,iccid,plan,activation_ts
7813719058,547901378887501,494529276043170,Evelyn Hernandez,jackson.garcia186@inboxr.net,886183532280927,free,2026-01-19
7596689543,534397378605789,610571589689253,Ethan Garcia,olivia.anderson664@liveloop.net,207138949954365,free,2024-04-26
5765061835,330126616653681,783067932943141,Benjamin Hernandez,aiden.moore106@liveloop.net,391246184790346,enterprise,2024-08-01
7116616551,431780895606460,189774422538704,Mia Davis,abigail.moore215@liveloop.net,419383115409435,pro,2026-03-17
7230190606,478968255130561,656255008264626,Aiden Anderson,jackson.moore83@hubmail.io,184249012974987,basic,2025-01-03
6013380096,518108715931372,997159450428025,Scarlett Thomas,daniel.hernandez781@cloudreach.io,657699993204004,basic,2026-09-21
8556332705,110727718996487,509934326836764,James Hernandez,mia.moore506@quickdrop.email,363767260445230,enterprise,2025-10-10
2677474573,487831249433790,494403976652346,Lucas Williams,jackson.wilson320@silentcrypt.io,952986087139973,basic,2025-02-02
1756466186,516315092753937,844640951601678,Lucas Anderson,james.lopez206@liveloop.net,208492569841345,pro,2024-09-03
4807038333,475700561041536,902750540493650,James Moore,alexander.williams144@guardpost.io,588858449509118,basic,2024-05-27
5016244511,767446391920279,266790148482095,Ethan Gonzalez,mason.rodriguez990@quickdrop.email,433327885906702,enterprise,2023-02-15
4674324539,950515357865141,765634579698709,John Thomas,abigail.rodriguez724@silentcrypt.io,676011951400015,enterprise,2023-04-03
3693021888,385905765133366,624746992761327,Grace Garcia,isabella.garcia619@guardpost.io,790906249455637,basic,2025-06-20
6686124871,501929518783828,414865952891496,Jackson Miller,ava.johnson659@quickdrop.email,333821774317100,free,2023-02-28
3201293950,292747348859419,941440717490229,Ella Smith,alexander.moore648@liveloop.net,504339754611308,pro,2026-06-28
5783226737,961671792835236,616776431640755,John Jackson,ethan.rodriguez586@liveloop.net,773398648386923,free,2025-01-04
3625523806,560748604384458,586909394337426,Evelyn Williams,mason.wilson729@quickdrop.email,836382703698216,enterprise,2024-06-23
5955971959,614488901247065,243607181601794,Aiden Thomas,james.lopez253@quickdrop.email,897627476172673,basic,2024-11-21
9663279373,846361591754111,115844817501614,Ava Martinez,jackson.davis355@quickdrop.email,173637606094920,pro,2024-07-08
4027564055,434984558469270,884260276624840,Noah Taylor,daniel.martinez973@inboxr.net,971673126640421,pro,2023-08-24
2832258816,371074056669192,295639864834565,Mia Jones,matthew.anderson491@guardpost.io,332100909986025,pro,2025-08-05
1016633913,789437182461901,559067856613979,Matthew Martinez,olivia.thomas72@townmail.net,343938991778653,free,2024-11-12
1499637762,150156543623192,239887702440859,Evelyn Martin,ethan.williams652@cloudreach.io,598967898503737,enterprise,2024-10-22
2848625121,308769187431638,812877044863481,Amelia Thomas,jackson.taylor307@liveloop.net,893063788298640,basic,2023-12-20
3509492092,961808964820754,352927330664552,Abigail Davis,abigail.jones475@hubmail.io,996394908230187,pro,2024-09-10
8546852657,231644615985593,984414737775781,Benjamin Davis,scarlett.martinez701@inboxr.net,440377584279323,enterprise,2024-10-17
9668181572,875031891617458,229897229506023,Daniel Martin,ava.rodriguez616@quickdrop.email,137147995385775,basic,2023-10-24
3080680533,485520635808715,440989908241085,Emma Jackson,noah.rodriguez96@guardpost.io,780557922492153,pro,2026-03-25
8821773782,640075310274421,503778284865598,Harper Williams,lucas.martinez36@quickdrop.email,425194133590509,enterprise,2026-07-08
8514453296,945418534787872,694561195143821,Matthew Taylor,matthew.jones831@guardpost.io,870360227380903,pro,2025-07-11
1666056260,827109567522548,107884192263553,Daniel Wilson,sophia.miller540@hubmail.io,172675765401239,pro,2025-04-14
5876654439,553367989895629,291355130514845,Harper Garcia,evelyn.brown560@guardpost.io,516088368076076,enterprise,2026-07-10
2730407298,653432950576774,310846579602619,Ava Jackson,logan.miller224@townmail.net,264508405605242,pro,2024-12-25
2413701371,523541842785837,201990940860380,Noah Martin,harper.lopez518@cloudreach.io,508474415360836,free,2023-09-02
7345695304,140188307581716,238200456549906,Olivia Brown,jackson.garcia479@silentcrypt.io,486793160796337,enterprise,2023-07-21
7996304547,889794847690196,934574383417910,Mason Williams,charlotte.martin570@liveloop.net,883228497709255,basic,2023-07-16
3232223429,698991767846095,728796452656155,Aiden Williams,liam.taylor777@liveloop.net,222082445249520,basic,2023-05-19
7470232140,349469471325411,625666126134561,Matthew Jones,john.williams811@cloudreach.io,883193384255105,free,2023-05-06
2920844415,846013577881729,941851834788252,Matthew Jones,amelia.martinez339@guardpost.io,890272145586046,basic,2025-11-26
1046727420,212283602289949,101749417030871,Evelyn Moore,noah.smith751@silentcrypt.io,132969305058546,pro,2025-06-25
6256338735,945153228617894,252726237893293,Liam Jones,ethan.martin125@guardpost.io,920280112500704,pro,2024-05-24
9385561304,136106684628262,801468332354898,Alexander Moore,jackson.gonzalez218@silentcrypt.io,907478117100469,pro,2023-10-06
2238440043,354258359729122,578684288279161,Scarlett Taylor,noah.gonzalez431@liveloop.net,858411940759206,pro,2023-11-27
5362981170,896937829852566,226363706539182,Isabella Williams,lucas.miller198@inboxr.net,570031880095052,basic,2024-06-03
1886093136,110803597962773,164161054036244,Ella Anderson,harper.smith984@mailpost.net,275961296815774,pro,2023-03-10
3718316000,818346971083786,583944536984680,Logan Gonzalez,isabella.hernandez768@relay365.net,865106885174676,free,2023-10-15
5902994814,138927176079351,424273252898323,Jackson Martinez,grace.garcia921@inboxr.net,319007412736000,basic,2026-06-01
4843747690,391524186937900,193819104750462,Amelia Williams,mia.davis571@mailpost.net,361952932048353,free,2024-06-09
3348350593,380683398529241,203980641528012,Aiden Wilson,aiden.anderson699@townmail.net,779513259548655,free,2026-06-10
8677987176,133053048767463,837486312377575,Evelyn Johnson,lucas.brown399@guardpost.io,873264780130916,basic,2024-06-15
5751241957,392278423470722,391243688357003,Jackson Jackson,ava.hernandez652@mailpost.net,763250757170123,free,2024-07-16
3517172395,595204626329378,463621336392719,Harper Thomas,amelia.garcia469@inboxr.net,812957993446683,free,2026-01-17
4211899005,656237543470537,386532842055532,Daniel Smith,liam.jackson731@cloudreach.io,724745355211362,enterprise,2026-08-27
9202900071,577640327610314,314989636014505,Daniel Moore,emma.jackson389@hubmail.io,225937508580622,pro,2025-03-13
3902721157,315728874953899,427230150801439,Isabella Taylor,grace.davis154@guardpost.io,890347087237327,enterprise,2023-09-08
2166106089,710816829317914,720050388084420,Daniel Wilson,logan.moore332@townmail.net,734768745965183,enterprise,2025-09-28
9081026260,250102899234490,433750668847635,Olivia Johnson,james.davis624@townmail.net,263495514115745,basic,2026-05-14
9023790649,756348840009243,114775270705464,Grace Gonzalez,mason.thomas690@townmail.net,158425986017640,enterprise,2025-06-13
7184379657,567026783439663,864913566098967,Liam Hernandez,benjamin.davis428@relay365.net,385782664807044,pro,2024-07-16
2776977188,235071183009306,171222919110224,Charlotte Martin,noah.lopez740@townmail.net,382283172656716,free,2023-07-13
3569267873,839632304691544,386717369544195,Jackson Wilson,sophia.hernandez828@inboxr.net,433883570553566,basic,2025-07-11
8086476150,776302507138808,413143437982428,Harper Jackson,ella.garcia510@hubmail.io,367388916416812,free,2026-03-20
7074764408,428796679495858,920924025880408,Ella Jones,evelyn.lopez398@cloudreach.io,129302574393071,basic,2023-08-07
4092582498,786624073998862,830982724167403,Evelyn Garcia,james.wilson724@guardpost.io,975252462233372,enterprise,2023-05-10
9462797377,677475203586890,210866459957397,Matthew Jones,amelia.taylor477@mailpost.net,276070261711991,free,2026-06-19
9962493442,646052981589346,290866903001613,Olivia Miller,logan.jones901@quickdrop.email,977504049595111,pro,2026-09-23
4696216161,626978971241069,965583977355481,Grace Martinez,mason.wilson118@guardpost.io,861597029054025,basic,2024-08-02
1349368566,510453745024501,890180899598863,Liam Taylor,mia.miller104@inboxr.net,691075422034436,pro,2025-06-23
3242998383,338336607259960,466140922218309,Liam Jackson,logan.moore390@silentcrypt.io,195684891649639,free,2025-11-12
2113654238,298259532884679,784043094945501,Amelia Jones,sophia.williams476@cloudreach.io,847797470169929,free,2025-06-10
4858737467,445020925602773,701751450810176,Abigail Thomas,mia.lopez522@inboxr.net,277398774702920,basic,2023-11-16
5467747034,689801604090934,327652480871511,Abigail Johnson,ava.anderson48@silentcrypt.io,722242124526894,enterprise,2023-02-16
8514038099,342453743046885,484793380230429,Scarlett Jackson,abigail.rodriguez559@mailpost.net,693154181045576,basic,2023-06-05
4538370526,405802404927690,419200241073844,Daniel Rodriguez,olivia.williams71@silentcrypt.io,701975416138542,enterprise,2025-04-07
8541852988,662617699324073,223105954364009,Charlotte Anderson,charlotte.williams18@silentcrypt.io,524937445461706,enterprise,2024-11-04
7184341336,911408977648436,132887810383098,Liam Johnson,daniel.smith582@guardpost.io,419769451571514,pro,2026-04-19
6472522429,767438654377167,870960043198761,Jackson Wilson,alexander.hernandez356@guardpost.io,159913397959374,basic,2024-02-09
1595840909,428629604484516,571831103439322,Olivia Brown,alexander.brown621@cloudreach.io,740238514005366,enterprise,2024-06-11
8135295280,196187749248469,319229021026438,Ava Taylor,ella.johnson875@cloudreach.io,254097454890990,basic,2025-06-03
3881695789,255042024569682,589094488094539,Charlotte Taylor,mia.anderson103@relay365.net,220413826622123,pro,2024-04-07
4923408556,478400038484837,228256717670506,Lucas Moore,harper.jackson850@mailpost.net,308553283118816,basic,2023-11-26
6444005443,522864694893598,873010524172664,Abigail Johnson,emma.taylor668@hubmail.io,764146209170107,basic,2026-07-23
1415040426,792581324590762,127879441039253,James Wilson,noah.taylor447@mailpost.net,718835648924228,basic,2023-05-28
9995594439,904368638275273,135007016861913,Harper Thomas,lucas.lopez811@inboxr.net,440420398507908,enterprise,2024-06-06
6222250639,232019469753143,126399676360369,Ava Hernandez,aiden.moore16@silentcrypt.io,310272834669115,enterprise,2024-01-24
9018044208,939594042250704,675499836355360,John Thomas,grace.thomas671@townmail.net,899664222324197,free,2025-10-08
2514053725,954886855633143,677038701157928,Logan Thomas,daniel.davis435@silentcrypt.io,341025048350389,pro,2026-01-08
6992087596,136388033833108,707684449457985,Lucas Brown,ethan.jones256@liveloop.net,738395190938149,enterprise,2024-09-23
1456609040,317834367820434,299814535647215,Charlotte Taylor,noah.martin872@relay365.net,476737266904894,pro,2026-07-27
6133009007,823682164286527,219736544692281,Evelyn Williams,aiden.moore144@quickdrop.email,621819664240703,pro,2025-02-05
2289282145,561225470575453,867583216220926,Amelia Thomas,lucas.williams926@quickdrop.email,391177924249101,basic,2023-04-09
1265362254,930877897596047,185691222437740,Logan Martin,mason.jackson868@cloudreach.io,735070178794059,enterprise,2026-03-13
1884208742,755182151713306,481039184171383,Aiden Lopez,isabella.moore918@guardpost.io,535696309827103,enterprise,2025-01-25
8731329148,506656152640472,548575312510000,Noah Thomas,scarlett.gonzalez117@relay365.net,683440368710312,free,2025-08-05
3093961856,274069852305859,596251884936677,Olivia Davis,jackson.jones774@hubmail.io,362226469020407,pro,2026-10-13
2375728201,948086867892709,428636935899309,Matthew Davis,lucas.moore593@liveloop.net,541636613791638,enterprise,2023-07-21
2183251609,466007898530522,518423385409848,Isabella Gonzalez,alexander.lopez311@mailpost.net,633482436551168,enterprise,2026-04-16
5731072071,136693034905864,370695889048705,Charlotte Jackson,james.gonzalez118@inboxr.net,845557683732318,free,2023-11-10
1055747763,735679359350227,585873362545168,Evelyn Johnson,abigail.anderson730@relay365.net,827865981299776,free,2024-05-02
3109207280,169219568289935,643169639719948,Benjamin Jones,jackson.brown130@quickdrop.email,141337196064353,enterprise,2023-03-20
4152903462,668245484802008,539704182424115,Charlotte Moore,jackson.thomas630@townmail.net,851538044213626,pro,2024-06-11
5423828283,756242486648220,648547178010068,Logan Wilson,amelia.wilson156@cloudreach.io,634149249217865,free,2025-04-19
1552072647,819459945489506,294636684396358,Ethan Davis,alexander.martin453@guardpost.io,725630254980234,basic,2023-11-26
6376284573,528323873115180,448259465563316,James Garcia,charlotte.taylor873@inboxr.net,166443191586459,pro,2026-10-13
1045042831,752210930965835,838118952093850,Grace Gonzalez,amelia.jones337@mailpost.net,791165115272720,basic,2024-11-01
9856602614,825654895150996,414647756205527,Ethan Lopez,harper.gonzalez486@silentcrypt.io,958934438413315,enterprise,2024-08-26
3621994127,544649380060174,467873118282520,Emma Moore,mason.garcia138@hubmail.io,671291544663987,enterprise,2023-01-26
2186639227,794369185252826,375367023662007,Scarlett Taylor,noah.gonzalez509@cloudreach.io,832894028145075,free,2023-04-21
2670538601,194692709030085,733398019979174,Mia Taylor,evelyn.taylor143@relay365.net,812594958667063,pro,2024-05-11
6637249730,518762316501428,719628751219927,Emma Johnson,charlotte.davis116@quickdrop.email,346154739706103,basic,2025-01-03
6220009560,215324723630149,191379289614831,Isabella Johnson,ella.davis422@townmail.net,659985517572227,basic,2025-06-03
1044319748,484148372988523,343537456049005,Sophia Brown,lucas.smith580@townmail.net,405502189125932,basic,2024-02-09
3126725726,452859582568024,471490934915769,Ethan Jones,mason.lopez721@silentcrypt.io,342784987542424,enterprise,2023-08-24
1777549095,137215262201006,757968714104389,Charlotte Martin,olivia.anderson533@quickdrop.email,324722017241057,free,2025-11-19
3704515078,623766558159914,844719192187530,Evelyn Moore,liam.davis852@liveloop.net,286257225907825,enterprise,2025-03-16
8041670556,392821830909654,651030486395279,Logan Williams,noah.johnson853@cloudreach.io,848745476869584,enterprise,2023-11-26
2347988125,366210929996273,927081970883823,Noah Hernandez,james.davis960@inboxr.net,639973513096754,basic,2026-09-03
7959552403,307599721749149,163226383170947,James Davis,olivia.taylor14@cloudreach.io,871127701594709,basic,2024-04-11
5565937102,918105273123605,306692463746871,Isabella Garcia,benjamin.wilson194@silentcrypt.io,463502653359595,free,2026-09-24
4908886426,664310255249553,239816285297935,John Johnson,aiden.miller43@silentcrypt.io,909385745625242,free,2024-08-05
5745889154,804634795667661,878886335381520,Evelyn Gonzalez,mia.jones344@cloudreach.io,897987069865548,free,2024-09-08
7342058669,436097274921633,645352129963046,Noah Taylor,mia.johnson680@inboxr.net,281643190836269,enterprise,2024-01-12
6704648235,635143344131290,767505854248499,Olivia Garcia,sophia.miller356@townmail.net,930310372821018,enterprise,2023-11-17
2061788916,593828672412014,124335443292967,Emma Davis,john.anderson11@liveloop.net,636674507483459,free,2026-01-16
6934054024,253547807592061,262910549345696,James Johnson,evelyn.johnson815@hubmail.io,711393553931942,free,2023-02-04
5877279206,683059630247281,641987404565790,Jackson Moore,alexander.martin239@inboxr.net,746805461783025,free,2024-02-15
7504539998,722490210652763,706253932491703,Scarlett Martin,aiden.jones207@inboxr.net,646242078855647,pro,2023-12-17
5665655568,632686823537040,449959621909860,Charlotte Anderson,logan.garcia632@mailpost.net,663268294788784,pro,2026-11-05
6650148501,259866103525949,293837634126111,Daniel Jones,daniel.rodriguez143@townmail.net,517438596878238,enterprise,2023-10-28
5859358003,123977441061596,684357299585577,Ethan Thomas,jackson.moore501@townmail.net,467082514362197,pro,2023-01-22
2185960423,736553969462119,266179857916569,Ava Martinez,logan.smith443@townmail.net,178152997101496,basic,2026-02-21
4746098803,722832278785418,791881664792802,Sophia Anderson,james.miller433@cloudreach.io,934789506981765,free,2025-01-19
4990364937,615772779464672,558191429418894,Lucas Moore,evelyn.hernandez140@townmail.net,282685423790861,free,2026-10-03
9330878613,260462860932972,905333658407200,Sophia Jones,james.jones316@townmail.net,681835067562337,basic,2026-04-09
9278281532,146228766373745,422556764572396,Charlotte Davis,harper.wilson279@quickdrop.email,736907940023230,enterprise,2024-10-25
4757598784,746008225194412,603425630472616,Mason Rodriguez,abigail.thomas36@cloudreach.io,766284428700745,enterprise,2023-06-06
6108138357,664728538568309,382801092891091,James Martin,lucas.miller359@hubmail.io,544034292717363,free,2026-11-24
6156302812,914092778918969,593876352170808,Aiden Moore,abigail.gonzalez416@townmail.net,662484750006634,pro,2026-03-04
9398369856,835568475997314,703917108955434,Aiden Williams,john.davis694@relay365.net,287103083522752,free,2023-12-05
9285613916,362659743815428,282680001725899,Aiden Gonzalez,james.taylor838@hubmail.io,926966880708508,free,2025-09-13
9069346215,770732263555264,176720647437955,Sophia Johnson,lucas.gonzalez809@liveloop.net,829074062538827,pro,2025-12-11
6041252181,784231617962193,375311768199966,Harper Williams,scarlett.hernandez805@quickdrop.email,112921054245421,basic,2026-03-04
3145414710,434138266439160,240498921927176,Olivia Brown,mia.martinez757@relay365.net,923340043604024,free,2025-07-21
1664135973,498501973457852,811052178181357,Logan Taylor,matthew.rodriguez671@guardpost.io,345639664016690,enterprise,2023-06-15
5824707026,187043707383508,953041759223145,James Moore,charlotte.smith663@guardpost.io,766870789904920,enterprise,2025-12-09
6767557017,761625134945756,940765124488776,Sophia Miller,evelyn.miller208@guardpost.io,269131267205993,enterprise,2026-06-12
8740199839,353586567372798,692638484681280,James Johnson,matthew.martinez497@quickdrop.email,979806110038763,free,2024-03-22
6295238505,485953529015507,888928949795746,Matthew Jackson,amelia.gonzalez188@guardpost.io,106789549967881,basic,2026-11-04
5673804145,275518543621834,145239311851493,Evelyn Taylor,matthew.martin874@cloudreach.io,398112220980015,free,2025-12-01
1610381265,211701274144158,674173984025491,Charlotte Jones,jackson.jackson124@liveloop.net,188921613006059,basic,2025-03-16
7685184580,969489621300043,509906106650546,Isabella Martinez,sophia.jackson463@guardpost.io,969606706887042,pro,2025-09-06
1306496503,546996247696781,311699518532619,Logan Smith,benjamin.smith737@silentcrypt.io,573752697191687,basic,2023-01-19
7004598947,161250414058756,198636922021632,Isabella Brown,ethan.moore141@inboxr.net,284721644999825,enterprise,2024-01-08
3238150486,810860677480977,301553934745208,Logan Jackson,daniel.gonzalez941@liveloop.net,377887890616492,basic,2026-06-18
7591931658,877769135635605,608656830678370,Jackson Thomas,sophia.williams910@liveloop.net,770425245709659,enterprise,2024-06-25
3522372498,155158585627559,895831084229542,Mia Davis,sophia.gonzalez956@inboxr.net,629401492364213,enterprise,2023-04-01
7489931473,983146197484494,900622337310977,Benjamin Brown,emma.hernandez552@liveloop.net,743555582465845,basic,2026-06-21
6039254502,854252944894144,284548480397817,Jackson Gonzalez,scarlett.hernandez992@townmail.net,574932490835783,free,2024-07-26
7403144251,433802155556933,901505290993395,Harper Johnson,liam.davis579@liveloop.net,794606089162481,pro,2024-12-05
1470801928,885349589477758,193824285335644,John Williams,mia.gonzalez858@silentcrypt.io,593056076318343,enterprise,2024-03-04
5247868018,982375611100941,734867489756588,Noah Rodriguez,olivia.lopez334@relay365.net,958948204099917,free,2026-11-24
3614041772,161032172276255,603167484359034,Matthew Garcia,evelyn.wilson521@liveloop.net,107542046922234,free,2024-06-05
7866433748,446960716769361,499279869971070,Abigail Jackson,abigail.johnson161@mailpost.net,355536540969090,pro,2026-10-23
4158315191,280093682186221,117160668879893,Ella Martin,ethan.jones871@relay365.net,724852775003594,free,2026-04-11
9248795651,723542197585121,479976796301055,Mason Davis,grace.martinez742@hubmail.io,661883147474206,basic,2026-06-23
8346243993,822299286676988,373791108676202,Grace Martin,emma.jones24@guardpost.io,394923062291271,enterprise,2024-04-14
8484618378,239772773711436,993614661894196,Mason Thomas,scarlett.taylor917@inboxr.net,959468273879312,basic,2024-05-05
3737081741,471393164998707,142371384450365,Harper Jones,daniel.martin652@silentcrypt.io,758160324900155,pro,2025-11-24
7093555507,191181205038126,185716664008274,Matthew Taylor,matthew.jackson119@hubmail.io,473699932818622,free,2024-08-15
3852117523,414943788829352,626113484719649,Abigail Anderson,ella.martinez664@guardpost.io,219025622641505,free,2026-03-22
2486902899,901755416928379,220315070844139,Logan Johnson,harper.johnson220@silentcrypt.io,993577527981815,basic,2023-05-27
2352560321,885893806685879,981925731288415,Scarlett Davis,noah.rodriguez532@townmail.net,987694586607865,enterprise,2023-02-27
4366915983,473406982415729,644146842284129,Benjamin Miller,isabella.brown538@cloudreach.io,788102442296166,basic,2023-02-16
8314760994,990108186469351,176786743692125,Abigail Hernandez,isabella.johnson16@townmail.net,227323075859591,basic,2023-02-01
5033497237,404113591229963,152759914011940,Isabella Jones,benjamin.thomas901@relay365.net,396456054411479,enterprise,2023-04-23
9212562323,180534190852027,977945408323048,Amelia Anderson,noah.martin433@townmail.net,452556453707131,enterprise,2023-08-20
9497222693,316464851519051,906358408750398,Charlotte Gonzalez,amelia.wilson8@inboxr.net,178602685811382,free,2024-09-27
1016426987,604743020391869,611704343607933,Ava Thomas,scarlett.taylor765@guardpost.io,122962559192889,basic,2026-09-27
6213357347,594598925086358,415457631349275,Daniel Hernandez,john.lopez99@quickdrop.email,483578435187876,pro,2024-02-22
5573443272,201750760041820,106728024879420,Ethan Moore,logan.brown320@mailpost.net,898264198004976,pro,2025-10-02
1071525224,855923294581391,462594110007039,Ella Johnson,lucas.anderson699@guardpost.io,143559267769013,free,2024-10-07
9285138548,307753042002127,155844742332306,Alexander Martin,amelia.brown113@quickdrop.email,665931612857993,pro,2025-04-20
3656281763,483129024103087,506403814341150,Harper Anderson,abigail.gonzalez335@cloudreach.io,844808049634708,pro,2024-04-22
2537580532,507800661406668,988527549207914,Noah Moore,evelyn.garcia430@guardpost.io,707124432210905,pro,2024-02-20
6716199461,496007587470548,783036545009221,Abigail Jackson,scarlett.williams215@guardpost.io,760559832033171,basic,2026-09-28
1740265760,326878571867305,596299915487074,Scarlett Lopez,evelyn.jones970@inboxr.net,931920379043730,basic,2023-06-11
4883027313,245446291891149,199221126423951,Benjamin Brown,abigail.johnson606@cloudreach.io,443100822682879,free,2024-08-17
1375906273,260465686413178,881411797839895,Scarlett Gonzalez,sophia.taylor146@quickdrop.email,366026535992128,free,2023-12-14
2808422792,581472951394322,611170367954487,Ethan Wilson,daniel.thomas313@relay365.net,136452767366225,free,2026-03-22
5962916594,698601898641847,880703804641924,Benjamin Anderson,john.brown437@liveloop.net,697052456492250,free,2023-10-11
8192722239,738730329961157,884301503658157,James Martinez,alexander.williams497@liveloop.net,907828393294545,free,2025-02-08
4437214880,367205288737488,884056948227935,Benjamin Garcia,emma.moore986@hubmail.io,524845317823608,enterprise,2025-11-24
9644881742,416408918811545,463516569337600,Abigail Hernandez,john.jackson244@inboxr.net,805228883030497,pro,2025-07-28
7328921101,727406955615652,811501538658367,Mia Anderson,harper.martin548@cloudreach.io,659366110397116,free,2026-02-13
3725701526,482457778257876,123163672452751,Noah Davis,logan.hernandez235@townmail.net,758700713492903,basic,2023-07-17
5503764434,930315017371057,948709380111647,Mason Johnson,logan.martin636@relay365.net,438737367648872,pro,2025-10-19
6443461774,942449807861303,166093754500627,James Davis,alexander.martin301@guardpost.io,601166476033266,free,2023-10-05
6533847161,524367469712511,915284523325462,Ava Jackson,ethan.smith451@guardpost.io,358701211658027,basic,2026-10-10
1222311397,265491611010639,333974636658333,Daniel Martin,olivia.lopez634@hubmail.io,842330403058462,enterprise,2024-10-02
5404195605,904248775025920,430599533370854,Evelyn Rodriguez,evelyn.martin138@cloudreach.io,561416716463023,pro,2025-07-24
9017444481,764181604047926,910301752334075,Charlotte Jackson,matthew.brown330@liveloop.net,346592815881199,free,2023-12-09
6437241929,575315085068303,858424654675964,Amelia Hernandez,ethan.williams538@quickdrop.email,903120675455161,free,2026-07-25
9469334470,959441640473784,303404589553293,Benjamin Smith,jackson.davis728@townmail.net,992067192080350,basic,2023-02-28
9818535365,725621415145307,586403265450767,Sophia Taylor,logan.wilson725@hubmail.io,673626068363679,basic,2023-01-06
8554288927,246401822902167,910892093340826,Noah Lopez,daniel.thomas740@relay365.net,122820095971631,free,2024-05-24
7465993277,996480629879757,617247370131350,Abigail Taylor,james.davis485@townmail.net,585797039346730,free,2026-08-22
3890952561,847413618516452,814211954765271,Jackson Garcia,lucas.brown743@silentcrypt.io,760875157835240,free,2025-02-12
9806422685,109063371258614,900120645803419,Ella Miller,mia.martin262@quickdrop.email,372386860845356,free,2024-11-06
8308155516,837654989275073,630710586518792,Ella Taylor,harper.hernandez24@guardpost.io,627982621467934,enterprise,2026-06-16
6591318192,447403114423523,196144334788808,Noah Davis,lucas.jones890@relay365.net,524946297244981,basic,2025-02-27
9820791627,804410944723421,881418223517713,Mason Garcia,john.taylor243@guardpost.io,616904706886971,free,2023-04-07
3115281741,849282779834095,562491215969795,Alexander Miller,mason.brown367@hubmail.io,593375870479565,basic,2023-09-21
5302500985,301918305181714,567601045875404,Matthew Smith,ethan.williams21@cloudreach.io,936300431185963,enterprise,2025-05-14
4737615662,456531027404240,423180454173430,James Wilson,liam.hernandez718@townmail.net,699197287895129,enterprise,2025-03-23
3810502791,890239267843317,681731166928217,John Lopez,abigail.williams220@townmail.net,316055068086056,pro,2026-11-21
6212111671,822334187436273,541687838590195,Mason Lopez,amelia.wilson404@mailpost.net,674147304427662,enterprise,2025-03-03
7297624766,705870494577320,284061128810738,Isabella Martin,james.moore14@hubmail.io,915936854745747,pro,2023-08-04
5672983047,445049211723532,924626113159284,Isabella Smith,alexander.jones701@inboxr.net,264929160887675,free,2026-07-22
6414246801,387053310328929,677259418760239,Evelyn Johnson,noah.martinez85@silentcrypt.io,676037807378640,basic,2025-10-10
6422350886,985774503983660,537694305570235,Abigail Gonzalez,liam.lopez64@quickdrop.email,967527321396136,enterprise,2023-12-22
3592908802,686076421425585,942271813096249,Mia Gonzalez,grace.moore627@mailpost.net,759114426539802,pro,2024-06-06
3701183538,613227807818637,882821096554120,Lucas Moore,mason.smith712@liveloop.net,250739343413657,free,2026-09-20
3075626147,225470793868561,749992841296304,Alexander Johnson,jackson.thomas320@quickdrop.email,340582863417175,enterprise,2026-12-26
8065179706,479144266720526,873362230124317,Olivia Martinez,matthew.smith824@townmail.net,714826266756684,pro,2025-09-02
8379554904,748896053729876,267817664886787,Harper Jackson,grace.anderson331@silentcrypt.io,519955027876203,basic,2023-09-18
7698920184,425006288192826,521256292314036,Ella Williams,ella.brown705@cloudreach.io,351824988675610,pro,2026-03-08
1561591259,743178059876863,909608926622737,Alexander Lopez,matthew.rodriguez862@inboxr.net,270326658138827,enterprise,2023-09-09
1804330326,868736736489136,902325756403092,Ava Jones,john.jones455@guardpost.io,699372771293180,basic,2026-04-26
6037690079,835983822969859,887718860251958,Emma Davis,aiden.taylor992@silentcrypt.io,251769944248331,free,2024-04-03
3922508472,273978002872782,897904364999007,Liam Jones,olivia.williams223@silentcrypt.io,534964742328523,pro,2025-08-02
5051115906,321034995674423,843872702024318,Mia Miller,isabella.thomas60@inboxr.net,156361255813238,pro,2025-08-04
8055837011,954425588529416,338621181283447,Isabella Davis,grace.wilson1@townmail.net,771351079520568,enterprise,2023-06-28
7099225249,718425697801826,180361170146648,Grace Moore,charlotte.brown347@mailpost.net,162284473188583,enterprise,2024-03-17
9236915252,772701904185949,584404875663194,Ella Miller,olivia.hernandez221@guardpost.io,251563111840039,pro,2024-06-21
5378196114,147434521140031,261047242703839,Olivia Gonzalez,mia.davis597@silentcrypt.io,881867624781829,basic,2023-11-19
6725760977,284387378511516,163629931650869,Daniel Hernandez,evelyn.brown8@relay365.net,119384173811747,basic,2024-01-06
2982296546,779512331224969,505022172123883,Harper Brown,amelia.johnson537@guardpost.io,867307933657666,basic,2023-11-13
2181722585,698123272864684,732305415823916,Emma Jones,lucas.johnson72@cloudreach.io,993142832063857,enterprise,2024-09-01
4229989445,539239598536973,234254031781537,Liam Anderson,mia.johnson948@cloudreach.io,956260140544949,free,2023-10-20
2992122676,955828150837194,209759978169662,Sophia Smith,noah.jones471@quickdrop.email,891826971412340,basic,2026-06-12
6358369996,152925666205852,993318224265631,Noah Williams,grace.gonzalez966@cloudreach.io,860618879061629,basic,2026-03-03
5929679566,945098774702721,935748149329095,Matthew Garcia,james.rodriguez783@townmail.net,420061033363570,free,2023-04-05
6914529021,175168634775338,239316092420193,Scarlett Garcia,aiden.taylor268@quickdrop.email,754947539735287,free,2023-08-11
7021708680,600853884394118,125581475862558,Noah Moore,jackson.williams923@cloudreach.io,883625955097636,basic,2025-03-10
4699126434,260926412562836,466413266781918,Ava Anderson,scarlett.martinez534@townmail.net,345753755537448,enterprise,2024-09-19
8252002779,704165889610338,930142683371974,Mason Johnson,olivia.johnson139@townmail.net,276060958488800,pro,2023-12-16
4748865424,427212085601519,560270489815023,Isabella Rodriguez,alexander.martin579@mailpost.net,971709715000761,enterprise,2025-11-03
5380102049,767785276145945,285515138649559,Jackson Taylor,mason.miller335@quickdrop.email,474585886451655,free,2025-11-11
2137569739,462733838248253,512735757277769,Mia Lopez,scarlett.moore430@cloudreach.io,571005126079646,pro,2024-12-10
5822901193,886153539345163,710777287280638,Abigail Rodriguez,aiden.taylor986@hubmail.io,319768063302787,basic,2026-08-28
9972706299,910805449248167,858000307857069,Ava Garcia,benjamin.gonzalez984@hubmail.io,320013819335040,pro,2023-04-02
2402004494,650840937065144,939613988376401,Jackson Anderson,ava.davis805@hubmail.io,734903897164212,pro,2023-06-01
2913018042,579273418519512,587228480595718,Daniel Martin,scarlett.jones182@guardpost.io,826384641424322,pro,2025-07-14
7144730445,575052311033412,460995367860087,Mason Taylor,daniel.lopez903@mailpost.net,153583021179466,pro,2024-11-01
2185292664,487225687838266,904923176485071,Matthew Thomas,harper.taylor402@inboxr.net,830053328988783,pro,2025-10-20
8776206169,338190121107403,526266917740637,Grace Jones,ethan.lopez831@cloudreach.io,283323029216750,basic,2026-06-21
5733401242,653896915906109,830834042712264,Scarlett Johnson,ethan.brown544@inboxr.net,132581574992380,enterprise,2025-10-16
1386078641,237462584701509,235046979619178,Liam Taylor,jackson.davis714@quickdrop.email,907307998292310,enterprise,2026-10-01
1362317715,172015956682191,597908624394541,James Martinez,noah.wilson649@cloudreach.io,334559632856555,free,2025-12-08
8025604595,113804998481521,361579363114802,Grace Taylor,mason.moore450@mailpost.net,742616621517609,enterprise,2026-09-19
1022156761,461182681461793,786550775413660,Evelyn Thomas,daniel.miller325@guardpost.io,881638086117726,basic,2026-10-23
8778443522,677623875076429,751678666761750,Noah Brown,mason.martin794@liveloop.net,297818166869573,free,2025-09-17
3380686982,305493050101727,424715575716737,Lucas Moore,ethan.jackson250@silentcrypt.io,753623691681832,basic,2025-08-22
8165880192,737980060196631,369588572078327,Daniel Lopez,charlotte.williams941@hubmail.io,897238784984200,pro,2026-06-25
1371999559,617548047756199,574100945176058,Lucas Jackson,olivia.anderson166@inboxr.net,899526057666736,enterprise,2024-02-05
4992853534,777906509940932,291454716721214,Evelyn Rodriguez,scarlett.taylor695@inboxr.net,692827503940454,free,2024-10-01
9012551983,880872036997809,254980179726042,Charlotte Martin,jackson.rodriguez591@quickdrop.email,504330862244516,pro,2023-07-06
3286717446,982759386191286,711804051005049,Olivia Davis,lucas.garcia102@townmail.net,856257399348691,pro,2025-06-18
9939909871,431906625114082,374799492049278,Ella Johnson,grace.miller190@mailpost.net,539561963603282,pro,2024-07-01
8716709610,806381115668073,509892279692967,Harper Johnson,harper.johnson206@townmail.net,194313958080362,pro,2025-12-23
2795860985,796541994129916,456658977082274,James Johnson,jackson.anderson219@silentcrypt.io,386115739101388,pro,2025-09-17
7380489104,597579374150345,992832733482168,Aiden Gonzalez,john.anderson227@mailpost.net,722653537874334,free,2025-02-15
2023077722,858412246870734,153139865294639,Ella Jones,abigail.johnson249@guardpost.io,851597760836274,enterprise,2025-10-26
6915279437,318443268887095,433424004541622,Charlotte Jones,logan.lopez685@hubmail.io,528259598078109,enterprise,2023-08-09
9742250190,581910997141256,926457982126617,Grace Moore,daniel.wilson513@relay365.net,217382164670362,pro,2026-04-13
1072001662,212990577476937,381691076378286,Ella Jackson,mason.thomas201@quickdrop.email,877022906218862,basic,2023-11-26
2527090185,168245925320683,443368365309504,Charlotte Hernandez,benjamin.martinez189@liveloop.net,175449599007812,pro,2024-02-05
1838997397,506743931230819,881732962779977,Liam Anderson,mason.wilson590@relay365.net,235656987328666,pro,2023-03-21
4507599249,946617727551258,234143753429815,John Martin,ella.martinez548@relay365.net,100242708533531,basic,2026-05-03
7738854869,726379576341523,297672446270524,Matthew Brown,benjamin.garcia304@liveloop.net,965163796720839,basic,2026-11-07
1730061218,636094012740068,779274733640313,Grace Moore,aiden.moore516@hubmail.io,750128550481685,pro,2025-02-18
5034193672,371308006274163,304599393653716,Benjamin Thomas,isabella.brown209@townmail.net,628485762067281,pro,2025-03-12
7842006617,513439118807088,731018285088100,Lucas Jones,abigail.anderson48@quickdrop.email,589845729561628,pro,2023-05-15
5353764996,225699130705199,781829313854061,John Moore,jackson.martin219@liveloop.net,417917901785884,enterprise,2026-09-24
8484731738,141087275482490,981662657793039,Jackson Rodriguez,sophia.taylor242@townmail.net,873625835492664,free,2024-08-05
4126710695,271779857222456,448793871741620,Mason Martin,mia.gonzalez825@townmail.net,751717543161661,pro,2024-11-22
4030683373,174978516749088,386478250419820,Benjamin Smith,ethan.jones250@liveloop.net,141344210698291,enterprise,2025-01-20
4480351722,610016009872214,689397274467297,Abigail Martin,ella.taylor740@quickdrop.email,620582388344757,free,2026-10-18
7119496566,134752422453766,159400662296206,John Brown,grace.williams738@inboxr.net,344792439310489,free,2024-04-14
3147227660,738153281245774,195616989733228,Ethan Johnson,sophia.thomas809@liveloop.net,751680736602223,enterprise,2025-03-06
9661313048,683950662697852,179596202959142,Ava Lopez,olivia.gonzalez543@townmail.net,916521054229670,pro,2025-05-03
8864922368,953400882120598,929440339910590,Scarlett Thomas,grace.jones478@cloudreach.io,833704790656420,basic,2025-09-05
1439642303,175991035699048,620194412372647,Ella Thomas,ethan.taylor526@cloudreach.io,780341299854655,free,2025-07-14
5588014937,580282114690855,283580119885070,Aiden Thomas,matthew.johnson809@cloudreach.io,654054926520463,basic,2023-06-24
2844682374,405138751394966,831062647894152,Ava Davis,ethan.smith186@cloudreach.io,948643818970441,free,2023-11-08
5374912545,741238802067613,253328245642099,Amelia Davis,amelia.jones543@liveloop.net,324984786570741,free,2026-02-11
8616128407,730451896296295,667709234755181,Daniel Jackson,mia.rodriguez407@guardpost.io,387246635080544,free,2026-12-03
3327992086,983487984939841,250776094242802,Isabella Johnson,jackson.jackson521@cloudreach.io,949416573174436,enterprise,2024-08-12
9451574345,827728185181797,485538150686623,Noah Davis,noah.gonzalez522@inboxr.net,481224540566004,enterprise,2023-05-19
7808424268,337807347438973,764135709061314,Olivia Wilson,jackson.garcia791@relay365.net,308676889704560,pro,2026-11-11
6086527748,711684865098313,590653948305210,Emma Thomas,sophia.moore830@liveloop.net,482480888481299,pro,2024-08-03
5339785306,697629251576484,339539319706200,Olivia Martin,amelia.brown895@townmail.net,966200874221038,pro,2024-09-27
9338053301,998455148171084,196364698518165,Sophia Anderson,grace.anderson327@townmail.net,852716877480521,free,2025-11-17
7141173505,220693023550992,243548248972638,Ava Garcia,benjamin.miller929@mailpost.net,433914848019809,enterprise,2026-05-14
8572806143,505062694120849,608334378227412,Logan Martin,james.smith992@relay365.net,285281339559326,pro,2024-03-16
9321532522,963363975922817,132020748031275,John Jones,logan.davis667@liveloop.net,167489776788161,enterprise,2026-09-05
4981744887,900951213538903,601285148454822,Amelia Lopez,sophia.jones30@inboxr.net,248838774524943,pro,2024-12-27
1779889944,498761211273017,709413784852481,James Garcia,sophia.johnson666@quickdrop.email,431901903944851,pro,2023-08-20
2528261194,629949401908734,633567917265693,Aiden Lopez,daniel.wilson191@townmail.net,795345030305027,basic,2024-10-03
3946166303,333227979252103,816827844223788,Isabella Anderson,emma.rodriguez183@guardpost.io,940856766773153,pro,2024-05-15
7460454135,982315778746798,408998071868270,Aiden Miller,ava.thomas304@silentcrypt.io,237174675756914,basic,2023-08-10
1366437335,358379167769231,251055720940742,Evelyn Hernandez,ava.lopez209@relay365.net,266322556895806,free,2024-06-15
9281998777,650561497779975,315785330942232,Logan Hernandez,john.williams870@silentcrypt.io,320466510832397,free,2023-01-20
6859521492,794978415259526,233902803122611,Lucas Johnson,evelyn.martin647@relay365.net,920815698337072,basic,2023-06-05
3605408653,189111895961763,427510641263777,Matthew Thomas,charlotte.jackson499@mailpost.net,589914976469060,basic,2024-06-09
8800286381,157816464084332,325791393906556,James Miller,james.anderson134@mailpost.net,753745653727878,basic,2023-12-28
7755672849,338545174698459,238611105034672,James Williams,james.jackson707@quickdrop.email,899170397953566,free,2023-03-24
9400685928,934965008086571,173838842043026,Sophia Thomas,scarlett.miller420@mailpost.net,474787225980224,enterprise,2024-08-02
5775231229,956738093969888,985241603054289,Alexander Miller,charlotte.johnson314@cloudreach.io,187596963949983,free,2026-06-04
6400034156,148028857577964,351484123136428,Olivia Wilson,olivia.thomas537@townmail.net,209205577349962,free,2026-05-23
8659639122,925853158152312,846744515319858,Daniel Davis,james.jones525@relay365.net,878480649475956,pro,2025-04-19
1030188082,830798811587421,553327925009056,Emma Jones,mia.hernandez650@silentcrypt.io,700325982008840,pro,2025-11-17
7232816168,161782509834124,680578665166133,Isabella Rodriguez,emma.thomas191@inboxr.net,514286903904533,basic,2024-05-06
1618884162,126026486448447,304967669156983,Amelia Hernandez,sophia.jackson52@inboxr.net,878338430537888,basic,2025-10-05
8785004802,101374607891718,503684093758868,Emma Martinez,logan.miller511@cloudreach.io,196455118346318,enterprise,2024-05-03
7062173503,591222084708501,381444234723597,Jackson Brown,daniel.gonzalez655@mailpost.net,857919853689298,basic,2026-05-15
5222351716,100804578697390,751741778928015,Liam Anderson,scarlett.garcia302@mailpost.net,812852817871309,pro,2023-02-27
9320517438,282957259386072,153519475261907,Liam Garcia,emma.brown982@guardpost.io,640011646461210,free,2026-08-28
2993809004,442681759840930,237553500173459,Noah Williams,amelia.smith896@mailpost.net,936399892869357,free,2024-01-10
3886298075,553288301964362,332886229026723,Logan Johnson,charlotte.taylor223@townmail.net,828424907806491,enterprise,2026-06-26
7142852419,960638217266393,800218632638282,Lucas Wilson,daniel.hernandez408@townmail.net,489473322849860,enterprise,2025-08-19
5912252118,292940694416823,274815924277943,Lucas Hernandez,james.davis980@quickdrop.email,237043457994980,pro,2026-12-14
7604278077,424777491000387,364303204812903,Mia Martin,james.smith52@townmail.net,414808512360342,basic,2026-11-07
3666865537,455089043523049,161118056847913,Jackson Jackson,daniel.wilson685@townmail.net,567014923104354,free,2023-01-03
8865024090,707297778161296,679089417057047,Sophia Thomas,mason.brown117@mailpost.net,735999754213276,basic,2026-04-01
5365497657,876916957804645,252264259364818,Evelyn Johnson,emma.martinez974@inboxr.net,454672108921076,basic,2025-07-14
6543028047,790957398955792,246432224247151,Charlotte Rodriguez,mason.martin708@relay365.net,382109785085674,free,2024-03-16
2798254372,494601329123631,979174012666570,Ava Williams,jackson.brown971@hubmail.io,969461631211699,pro,2024-04-15
4959548365,411888450308343,599317680662424,Lucas Lopez,daniel.davis677@hubmail.io,573770590728834,free,2026-02-16
8499431112,517430814661366,584442276210213,Olivia Thomas,amelia.moore680@inboxr.net,941880974325833,enterprise,2025-05-06
2420350966,985456794412855,939543768202251,Ethan Hernandez,liam.wilson524@liveloop.net,776082691376169,pro,2023-10-02
5299105008,161751334632972,752072419838245,Ava Thomas,ava.anderson289@liveloop.net,479918098924087,free,2023-06-09
6360933097,351355162866192,614734407210198,Olivia Smith,alexander.smith727@silentcrypt.io,318113073600112,pro,2025-12-07
1231561536,745712906260831,436333817536392,Daniel Rodriguez,isabella.anderson53@liveloop.net,936927183628669,enterprise,2023-07-06
3344937665,788100507075517,292090949215799,James Williams,aiden.taylor926@quickdrop.email,377972208547276,enterprise,2023-06-11
3671194098,111821149574427,610861422060045,Jackson Johnson,john.lopez532@cloudreach.io,583326751723317,free,2023-04-10
7956382993,515539638968487,311865293497432,Mason Williams,grace.jones954@quickdrop.email,276213747433954,free,2026-01-19
9484420492,670224259386782,615818719157184,Mia Gonzalez,grace.miller807@mailpost.net,246572274193753,free,2024-09-13
7714756153,834983934319378,267756433665374,Ethan Lopez,matthew.martin460@silentcrypt.io,362192511531446,pro,2023-08-15
9186151355,188307355929495,204810095210450,Amelia Jackson,emma.hernandez77@quickdrop.email,221758539205088,basic,2026-12-24
4106285557,647395761902798,155377209824573,Daniel Gonzalez,noah.moore865@mailpost.net,755958718778715,basic,2023-03-28
3471605255,145405000100909,388934889618074,Sophia Lopez,harper.williams132@quickdrop.email,486671620387099,enterprise,2023-08-23
1270007617,492994472850621,669135613945828,Daniel Taylor,evelyn.gonzalez281@townmail.net,135039788805252,basic,2023-06-20
1215191534,671677756130368,604297645834520,Scarlett Smith,jackson.miller560@guardpost.io,335496631937482,free,2025-11-26
9598689997,710181007754840,758750026680488,Harper Lopez,lucas.hernandez265@quickdrop.email,340836506545327,basic,2023-11-01
3722327743,233380929505182,782649526983300,Benjamin Brown,alexander.jackson176@hubmail.io,297638635726575,pro,2023-10-07
8901203193,104059874242823,986713654931779,Emma Jackson,evelyn.johnson234@hubmail.io,157080683224194,enterprise,2026-07-23
6067964203,599133029115077,719561354087513,Harper Brown,scarlett.garcia496@townmail.net,880061734768747,enterprise,2024-12-18
3932665240,918670815509713,697290283684423,Sophia Martin,logan.wilson471@liveloop.net,377069342181299,free,2024-01-15
2303337405,931235266728233,203616875763957,Ella Rodriguez,amelia.martin724@townmail.net,470925343927115,free,2025-01-01
4487312036,552746570663238,334248857112481,John Gonzalez,ava.martin286@hubmail.io,245803710662572,pro,2024-07-11
6799431648,796082568660873,527610620470590,Olivia Williams,charlotte.lopez838@guardpost.io,200489736869402,basic,2026-02-03
1104075484,408523046685617,335916139116473,Aiden Hernandez,matthew.jones921@inboxr.net,507696401490409,enterprise,2024-06-15
1759838559,399974666322399,833627126698245,James Moore,ethan.williams660@cloudreach.io,261719067339142,free,2023-01-18
3688796219,282068447642328,627887077229936,Sophia Garcia,scarlett.martinez669@liveloop.net,316057820602077,basic,2025-02-21
6079495094,388993626702826,803386221109620,Ava Martin,liam.lopez357@liveloop.net,317770334429951,basic,2024-06-13
6043086572,908376571486143,426715939694964,Abigail Moore,lucas.brown199@silentcrypt.io,544816288996980,basic,2023-01-09
6153799044,544141482963064,139000410899965,Lucas Martinez,isabella.jackson366@silentcrypt.io,133316187608594,enterprise,2026-04-10
3074248089,756019367804064,422988342418735,Liam Williams,ethan.brown833@liveloop.net,290506291109897,free,2023-03-27
9559303085,967814388383576,510100460731263,Jackson Taylor,john.lopez840@quickdrop.email,664808556751239,enterprise,2025-11-08
6126713489,150508663504689,844467536995349,Harper Martin,lucas.hernandez868@cloudreach.io,501743603431245,pro,2023-02-02
2059893669,324072229749406,507894253871158,Charlotte Taylor,noah.smith694@cloudreach.io,332700953302691,basic,2025-02-25
5193783949,801727828878168,757177727584179,Ella Martinez,alexander.taylor220@quickdrop.email,689789700875109,pro,2025-08-26
3395769949,518996901014896,738567811711350,Matthew Williams,grace.martinez480@liveloop.net,693184644324309,free,2024-02-12
7441241158,631617626553086,109581046907897,Matthew Brown,scarlett.anderson80@liveloop.net,645077506588436,enterprise,2025-06-20
3364840811,165807033819983,410587788944178,Alexander Gonzalez,daniel.taylor212@mailpost.net,214834043217017,basic,2026-11-08
5107750679,384228801278110,323546396243540,Abigail Wilson,mia.jackson979@quickdrop.email,286455031764769,free,2023-08-19
1088598391,840814761116237,133574720707903,Logan Wilson,lucas.rodriguez811@cloudreach.io,488009479269950,enterprise,2024-02-02
6553616129,430131641583524,617509482336054,Harper Hernandez,jackson.williams630@inboxr.net,610395557035601,pro,2025-03-26
3080794149,372124549991654,947539708030115,Grace Wilson,john.taylor464@guardpost.io,646651511650411,enterprise,2025-10-19
2292754628,729913030167953,791825094049402,Harper Martinez,ella.garcia404@inboxr.net,900918134765464,basic,2024-12-14
7237856992,506339977136529,718385061065309,Ava Williams,jackson.taylor703@inboxr.net,425016446918834,pro,2025-05-05
1787126288,787204926859177,688209915614171,Harper Jones,logan.williams108@inboxr.net,795170114871316,pro,2026-08-10
4722273099,709069112176297,683610917063389,Olivia Brown,daniel.thomas512@mailpost.net,604454355492125,free,2024-05-07
7959433179,487297343942572,122681575668159,Matthew Smith,jackson.williams710@silentcrypt.io,347408513453754,basic,2026-10-22
7593773403,956980497072181,133578737437630,Aiden Anderson,isabella.wilson523@inboxr.net,889650881328095,basic,2023-01-28
1301605450,108527002313199,910713522479285,Grace Hernandez,noah.gonzalez546@cloudreach.io,906721056965200,pro,2024-08-18
1843128185,512245208151843,243611141201505,Sophia Martinez,daniel.smith999@cloudreach.io,727642615024340,enterprise,2025-07-28
7569259649,581986709175153,456301337978486,Lucas Smith,evelyn.gonzalez193@guardpost.io,975118033124036,enterprise,2024-09-27
9764138635,994101647445400,452468620506994,Ethan Garcia,grace.lopez879@mailpost.net,489285879651639,pro,2025-02-15
7975632981,540300281138065,809118055230089,Amelia Davis,aiden.davis750@inboxr.net,987827097876537,basic,2024-09-07
2064593832,335718113308634,650419909283188,Scarlett Gonzalez,benjamin.rodriguez662@hubmail.io,483677271773357,enterprise,2025-11-07
3539275378,364488296133269,559932417365272,Evelyn Wilson,evelyn.martin854@quickdrop.email,773287127556754,enterprise,2023-01-08
9299543103,373759240216336,434734753013851,Abigail Wilson,amelia.thomas561@hubmail.io,808005897585180,enterprise,2026-10-22
7443694482,717942060417801,522373883520737,Evelyn Garcia,ella.jackson706@hubmail.io,262193077299747,enterprise,2023-10-13
9839380180,921247885009758,357747537615946,Daniel Davis,sophia.jones880@relay365.net,355943492917687,enterprise,2023-07-14
5064923816,341697881716618,511539348023018,Grace Brown,sophia.brown460@silentcrypt.io,899570499903681,free,2025-01-19
8441919600,868711584051812,340070672658213,Sophia Miller,scarlett.smith346@quickdrop.email,452290333138250,pro,2025-06-22
3816703211,941562124212663,935063984789398,Liam Moore,ethan.miller127@relay365.net,963663042990545,free,2026-01-28
9675171091,651937914970739,726277843926986,Scarlett Wilson,john.taylor695@quickdrop.email,532523165974835,pro,2023-08-17
8407625721,216496448939448,406631111186464,Matthew Miller,jackson.garcia290@silentcrypt.io,550790406433530,basic,2024-12-26
8143649674,663165883549723,451731194544592,Mason Johnson,mia.williams585@cloudreach.io,195512893791785,enterprise,2026-07-19
4839201306,698311140474576,241767045254797,Ella Thomas,emma.martinez39@quickdrop.email,938101202459321,pro,2023-04-25
4214208483,421759628084948,362713726493590,Logan Johnson,ella.anderson660@liveloop.net,952853318255464,basic,2026-05-16
8571603788,224849653957923,512228269981933,Daniel Martinez,mia.garcia172@silentcrypt.io,348658992138717,free,2024-04-04
6785381795,617149721904362,255606296697691,Alexander Williams,grace.hernandez151@guardpost.io,721306438920961,enterprise,2023-01-24
7074980785,483699352936764,598292431081452,Abigail Davis,jackson.jones764@inboxr.net,174541603570342,basic,2023-11-17
3056907629,696208629493748,705222295446861,Ava Brown,amelia.wilson573@townmail.net,352063196469050,free,2025-09-10
5002431219,216832903361962,496545890861549,Mia Thomas,matthew.davis625@hubmail.io,876655727840794,enterprise,2025-12-22
1898150684,287581720493529,857766909941730,Noah Anderson,scarlett.garcia529@townmail.net,325640237803535,free,2024-08-28
9336414006,999327831756692,925703354171944,Matthew Smith,ethan.gonzalez538@guardpost.io,977198044218046,enterprise,2025-12-28
1282441893,780125538550085,260708169258703,Matthew Johnson,ava.jackson720@townmail.net,648770913651062,free,2024-04-24
8026228216,187248560646610,685939068238654,Emma Hernandez,aiden.smith741@silentcrypt.io,352284213277514,enterprise,2024-07-15
7767196986,566430346429166,426791652916550,Matthew Garcia,grace.johnson412@townmail.net,658800005651195,pro,2025-07-18
7066463879,543445461479511,577430363996220,Olivia Lopez,grace.williams508@townmail.net,654401142886910,basic,2024-05-08
6959642860,443627781861984,960592660998256,Matthew Moore,daniel.moore32@liveloop.net,372852603097437,free,2023-04-07
1551953629,540568338601812,847817886897997,Aiden Brown,benjamin.hernandez212@relay365.net,173006997557789,pro,2025-09-09
2530262954,637162033255594,633417828494177,Emma Jones,noah.garcia575@relay365.net,365948669864767,enterprise,2025-03-10
3053827775,209767365609985,669344909755885,Ella Moore,noah.wilson536@hubmail.io,432110926256179,basic,2026-06-02
2101368597,625897915637961,631093514567859,Sophia Moore,liam.thomas906@liveloop.net,812158975220579,basic,2024-08-07
1775763549,840485691871898,165877423438784,Logan Taylor,matthew.williams214@guardpost.io,100371086942972,free,2023-12-03
9127278040,691528734296752,782990859125940,Charlotte Moore,aiden.martin714@guardpost.io,868646485085624,basic,2024-03-27
2002021002,967265345741209,382782740381666,Scarlett Thomas,emma.martin87@hubmail.io,491380319734539,pro,2023-05-03
5851738817,798973204589750,249631250879448,Daniel Moore,sophia.miller22@townmail.net,194496412122451,enterprise,2024-02-07
7911354123,692868355985830,719734996494495,Amelia Gonzalez,john.martinez227@quickdrop.email,147321474475599,pro,2024-11-18
9451289653,182894947750058,874396037221509,Ella Wilson,harper.wilson544@liveloop.net,740996983486716,pro,2023-01-01
3898811790,411254015676034,288339126155463,Jackson Thomas,amelia.jones972@mailpost.net,879529924051436,free,2026-01-03
8797703972,121484804801148,673923632846528,Lucas Thomas,mason.miller394@guardpost.io,987223386973920,free,2024-04-03
5530263732,204963377440360,434694080884706,Alexander Hernandez,john.miller136@inboxr.net,387768801585798,enterprise,2025-12-25
3398343870,917912026017868,479912676904780,Lucas Lopez,grace.hernandez585@cloudreach.io,492434940057897,free,2023-12-03
5517878663,287316488047700,799844191505895,Grace Johnson,olivia.smith534@quickdrop.email,432483501324668,basic,2026-12-01
3363241514,482700892301111,832676709340419,John Wilson,harper.martin875@mailpost.net,594135727067938,enterprise,2025-06-09
6655492446,690841824539891,952670794353672,Evelyn Davis,mason.thomas581@relay365.net,670167813186724,basic,2026-01-26
4959192906,589590011780424,438902628220956,Mason Gonzalez,john.martinez812@quickdrop.email,481094728721042,enterprise,2023-10-16
7904688041,600295939117625,225911919249693,Mia Miller,ava.williams565@inboxr.net,921719377579489,free,2026-06-10
7923950630,922198523926081,582125257481985,Benjamin Martinez,charlotte.davis64@relay365.net,609904350525743,pro,2025-09-04
1042006318,844263995832297,973639478063350,Emma Martinez,logan.martin798@quickdrop.email,957546255618510,free,2026-10-12
7702755688,582923071810927,108656682899650,Aiden Martinez,ethan.taylor880@cloudreach.io,945269651383293,basic,2024-09-14
8173596447,263602024153648,676950563534298,Isabella Davis,ethan.moore635@silentcrypt.io,540114960654626,basic,2024-03-18
6478675148,985860826166495,742912639504217,Isabella Hernandez,sophia.jackson883@hubmail.io,608613887536391,pro,2024-11-07
8430277368,887060614969005,832625349407352,Isabella Wilson,benjamin.rodriguez746@townmail.net,566196943125961,basic,2026-01-03
9812579003,701879589851820,467304131717576,Jackson Moore,john.martinez933@inboxr.net,333760564242203,enterprise,2024-04-03
7116926246,888031916176609,497564751206437,Charlotte Moore,ella.jones461@guardpost.io,276881941907338,basic,2024-09-27
9546864143,120000660855504,396694830869574,Mason Hernandez,amelia.wilson466@townmail.net,364492149832862,pro,2025-11-12
6971062108,705030106680656,812314635609137,Alexander Taylor,alexander.garcia729@quickdrop.email,331639834716224,enterprise,2025-02-23
9673585588,789652430163290,795850074401772,Evelyn Taylor,isabella.martin491@quickdrop.email,454720086565770,pro,2024-12-24
8221294076,506247338810704,202306791884766,Ava Johnson,ella.williams26@cloudreach.io,702352074717672,basic,2025-07-10
9669429586,698926786797071,295638153545050,Scarlett Jones,logan.brown392@liveloop.net,870397854826826,basic,2023-09-28
9026191130,627261241865925,317898360976985,Amelia Wilson,liam.jones182@inboxr.net,668140578123251,pro,2024-03-14
7704766598,830662330909093,914057217919758,Charlotte Rodriguez,grace.johnson198@guardpost.io,275876341059514,free,2023-01-14
2302660375,974976767915901,249976004485619,Abigail Moore,emma.rodriguez757@cloudreach.io,511248717671245,free,2024-02-28
1679123488,678232289888998,475877447246352,Harper Martinez,emma.anderson377@inboxr.net,709314704681188,free,2024-08-11
3165530326,954687190799118,279929345369993,Alexander Miller,alexander.williams967@mailpost.net,596403789436996,basic,2024-11-01
5443850760,145037898426635,563777976900028,Noah Martinez,john.williams934@liveloop.net,905593745269550,enterprise,2026-07-26
6755102660,598320041228899,312319100714692,Amelia Lopez,isabella.martin384@silentcrypt.io,674435309622260,enterprise,2025-08-20
2194495919,596213416542862,726643295860800,Noah Rodriguez,noah.hernandez418@cloudreach.io,163705700209214,basic,2024-01-28
6990291350,147820862554034,352521097740852,Amelia Jackson,ella.brown426@silentcrypt.io,232507117130103,enterprise,2024-05-04
3417696198,618550150272390,299217075055411,Evelyn Taylor,mason.martinez299@quickdrop.email,874741764608197,pro,2025-03-06
7403161284,824847360121162,319283695670894,Mia Martinez,jackson.lopez93@mailpost.net,185123179390222,free,2023-02-22
9368683685,778903816276237,630991014958581,Noah Jackson,aiden.lopez198@guardpost.io,342833126993909,basic,2026-07-21
6318201103,571397818561015,352465074931287,Charlotte Miller,ava.taylor473@quickdrop.email,955356564014931,basic,2025-08-15
8986493888,474907052268222,299746328219396,Ella Lopez,jackson.hernandez508@hubmail.io,808958522691504,enterprise,2023-01-18
7829001505,103753370932008,312619545733926,Mia Jackson,jackson.martin105@silentcrypt.io,521327552879532,pro,2026-09-16
5260397734,594915776847629,773401970609446,Charlotte Martin,liam.jones577@guardpost.io,981905071016232,free,2026-02-01
8721274471,533617649304276,723858836062118,Mason Davis,mia.martinez291@hubmail.io,205516132047736,pro,2025-03-02
2227759198,240720528095495,288449675719498,Daniel Wilson,matthew.davis79@silentcrypt.io,584981800534092,basic,2023-12-06
5721530393,159950279794502,861295479118595,Mia Lopez,john.gonzalez23@hubmail.io,184364301488569,basic,2026-04-27
4690731472,991961281263326,939115282840085,Matthew Jones,ethan.davis256@inboxr.net,331326314961362,free,2023-09-11
5409601054,249321744747971,394796143686341,Mason Wilson,sophia.miller193@hubmail.io,430613276746020,free,2025-01-14
5917928764,804359065309118,382185478531465,Mia Martin,mia.moore486@silentcrypt.io,511812705969454,pro,2025-11-05
6438260552,883753078714627,135621340591072,Benjamin Martinez,jackson.miller617@townmail.net,444126035177480,pro,2026-10-07
7087762063,717784907036836,665850212756083,Abigail Johnson,mason.hernandez115@hubmail.io,501707448872044,free,2026-08-16
9755251474,712416497820212,430500977541892,Logan Moore,logan.thomas55@quickdrop.email,482444615505968,enterprise,2025-03-23
5463123676,407223949266456,106943684827777,Logan Wilson,aiden.williams624@cloudreach.io,450955467190418,free,2024-03-06
3095753719,219987701400430,326207144461477,Matthew Martinez,alexander.miller178@relay365.net,734157898700083,enterprise,2025-11-08
8209827712,430747575647066,662018498067193,Mia Miller,charlotte.brown701@cloudreach.io,315376889738360,basic,2025-02-08
6067996050,599578360978376,898203074056376,Logan Rodriguez,abigail.jones500@hubmail.io,491415828561000,free,2024-02-23
7346485195,421566746663468,525390220103957,James Hernandez,mason.johnson390@hubmail.io,606176793948158,enterprise,2025-07-06
4777071237,880198588735862,108664001600144,Alexander Gonzalez,mason.thomas5@guardpost.io,178523906909961,free,2025-07-07
7638238513,142597465946639,337078169220907,Sophia Wilson,liam.gonzalez834@hubmail.io,901549096112395,pro,2023-11-14
3722910105,412942433217149,243104661973796,Lucas Anderson,ella.lopez130@liveloop.net,543447360148359,pro,2026-04-26
2880727746,290707518535143,121197256793524,Harper Jackson,abigail.martinez366@relay365.net,803532350591098,enterprise,2023-03-28
9516810204,350622797598086,580925239693268,John Rodriguez,grace.moore194@liveloop.net,320483009372743,enterprise,2026-12-08
7427024632,130397067988599,201848432446723,Jackson Williams,harper.moore638@mailpost.net,542569392296648,enterprise,2026-04-14
3146849648,238645134002960,114143084631915,Daniel Gonzalez,jackson.taylor570@inboxr.net,673512271957508,basic,2023-06-22
3248558280,484007888687437,177115523104213,Evelyn Miller,ella.moore323@silentcrypt.io,831538999274880,enterprise,2026-01-09
3187332225,197905732232253,950884678183789,Ethan Davis,ethan.hernandez42@hubmail.io,496331669748462,enterprise,2025-02-09
9601997116,943483491716355,266056052532364,Aiden Brown,sophia.brown894@guardpost.io,285229661871974,pro,2023-07-13
8665054602,322896371024567,334085794924654,Liam Williams,isabella.brown969@hubmail.io,383649814660708,basic,2023-12-15
4423474459,437605608996348,484654906451892,Liam Smith,sophia.anderson750@relay365.net,464293242936527,free,2024-10-16
9028167941,930860193588337,189816795542669,Olivia Rodriguez,mia.garcia637@guardpost.io,467643207053097,free,2023-12-16
9016507498,932085152742990,900846684809459,Mia Taylor,olivia.hernandez993@hubmail.io,370993216321842,pro,2025-04-11
8379605313,655234955448961,904183154045465,Logan Davis,daniel.anderson615@hubmail.io,563280269260617,enterprise,2023-05-26
3849793484,769012606838875,492574073853051,Harper Martinez,ethan.martinez735@townmail.net,937342119035972,enterprise,2025-06-21
7222686921,686499658563005,797374078401314,Lucas Martinez,ethan.garcia105@mailpost.net,771964805652280,free,2026-02-26
6506248078,447833517387599,945062202237189,Evelyn Smith,grace.moore507@guardpost.io,596120393078139,free,2024-07-11
6451043058,638252203974916,822123681740597,Benjamin Davis,logan.martinez992@inboxr.net,999070889622065,basic,2024-06-13
5599243776,435339477106973,206551526914166,Amelia Moore,liam.jones501@guardpost.io,252540287718185,free,2025-05-16
8823003599,820122546106483,532595571097281,Scarlett Jones,abigail.smith23@quickdrop.email,219189358442504,basic,2026-03-11
1187399482,774453007179904,720604824683735,John Brown,alexander.brown487@liveloop.net,855705302469124,free,2025-02-20
